,date,dB,something,ping,upload,download,jitter
0,2022-10-11 12:30:01,-29.9,12.7,705.18,9.07,37.55,37.55
1,2022-10-11 12:35:01,-29.6,12.9,683.09,6.88,37.11,37.11
2,2022-10-11 12:40:01,-29.7,12.8,707.55,7.51,38.15,38.15
3,2022-10-11 12:45:01,-29.7,12.7,694.09,12.67,38.09,38.09
4,2022-10-11 12:50:01,-29.8,12.8,698.18,14.34,38.19,38.19
5,2022-10-11 12:55:01,-29.6,12.8,708.55,15.6,37.34,37.34
6,2022-10-11 13:00:01,-29.6,12.9,697.64,8.98,35.87,35.87
7,2022-10-11 13:05:01,-29.5,12.9,690.18,20.77,37.82,8.16
8,2022-10-11 13:10:02,-29.6,12.9,698.64,14.08,30.36,6.95
9,2022-10-11 13:15:01,-29.9,12.6,701.0,10.56,35.08,6.58
10,2022-10-11 13:20:01,-29.5,12.8,705.36,11.21,36.12,6.35
11,2022-10-11 13:25:01,-29.4,12.6,697.18,14.41,37.89,6.68
12,2022-10-11 13:30:01,-29.4,12.6,697.91,13.78,38.08,6.85
13,2022-10-11 13:35:01,-29.5,12.6,704.91,22.92,29.45,6.45
14,2022-10-11 13:40:01,-29.7,12.5,704.73,12.57,34.28,6.45
15,2022-10-11 13:45:01,-29.5,12.7,697.64,19.29,34.99,6.85
16,2022-10-11 13:50:01,-29.4,12.7,701.27,18.91,38.08,6.75
17,2022-10-11 13:55:01,-29.6,12.6,705.55,17.3,38.12,6.73
18,2022-10-11 14:00:01,-29.4,12.8,708.36,15.18,37.99,7.15
19,2022-10-11 14:05:01,-29.7,12.6,690.91,19.23,37.27,3.46
20,2022-10-11 14:10:01,-29.8,12.6,702.36,15.01,37.85,7.71
21,2022-10-11 14:15:01,-29.6,12.8,697.73,14.25,38.36,6.7
22,2022-10-11 14:20:01,-29.7,12.6,708.82,16.08,37.64,6.5
23,2022-10-11 14:25:01,-29.7,12.8,744.64,67.57,39.05,6.97
24,2022-10-11 14:30:02,-29.7,12.8,715.64,8.69,36.69,1.71
25,2022-10-11 14:35:01,-29.6,12.6,705.36,7.72,37.01,2.27
26,2022-10-11 14:40:01,-29.8,12.6,705.18,7.84,33.96,1.09
27,2022-10-11 14:45:01,-29.7,12.7,712.64,5.85,32.85,6.58
28,2022-10-11 14:50:01,-29.6,12.7,693.91,16.44,36.98,6.48
29,2022-10-11 14:55:01,-29.3,12.8,719.27,3.58,26.41,6.75
30,2022-10-11 15:00:01,-29.2,12.9,701.91,37.76,38.36,2.99
31,2022-10-11 15:05:01,-29.4,12.9,697.64,21.18,38.02,7.05
32,2022-10-11 15:10:01,-29.6,12.8,704.09,11.62,38.31,6.45
33,2022-10-11 15:15:01,-29.8,12.5,708.55,10.0,38.33,2.65
34,2022-10-11 15:20:01,-29.8,12.8,701.64,17.58,33.52,3.54
35,2022-10-11 15:25:02,-29.7,12.8,704.55,4.85,32.5,6.58
36,2022-10-11 15:30:01,-29.9,12.8,689.64,14.57,36.92,6.7
37,2022-10-11 15:35:01,-29.8,12.8,686.64,15.49,36.72,6.5
38,2022-10-11 15:40:01,-29.9,12.7,694.0,15.74,34.49,6.73
39,2022-10-11 15:45:01,-30.0,12.7,697.91,14.11,29.74,6.75
40,2022-10-11 15:50:01,-29.9,12.6,697.64,17.14,35.96,6.5
41,2022-10-11 15:55:01,-29.7,12.6,702.82,17.09,26.59,6.97
42,2022-10-11 16:00:01,-29.8,12.3,697.36,11.1,36.37,6.92
43,2022-10-11 16:05:01,-29.8,12.6,708.82,2.25,37.14,6.73
44,2022-10-11 16:10:01,-29.6,12.6,701.45,7.66,28.26,6.6
45,2022-10-11 16:15:01,-29.8,12.6,708.64,9.54,39.14,7.22
46,2022-10-11 16:20:01,-29.8,12.6,682.09,9.89,34.46,6.85
47,2022-10-11 16:25:01,-29.6,12.9,697.73,15.14,35.58,4.23
48,2022-10-11 16:30:01,-29.9,12.6,708.45,13.96,38.12,6.68
49,2022-10-11 16:35:01,-29.6,12.7,697.73,8.29,34.42,7.1
50,2022-10-11 16:40:01,-30.0,12.6,698.36,16.06,38.2,6.7
51,2022-10-11 16:45:01,-29.8,12.5,700.91,21.0,26.95,7.07
52,2022-10-11 16:50:01,-30.1,12.5,704.64,6.35,22.44,4.6
53,2022-10-11 16:55:01,-30.1,12.5,712.18,4.91,33.92,7.29
54,2022-10-11 17:00:01,-30.1,12.6,701.0,10.31,31.04,6.8
55,2022-10-11 17:05:01,-30.1,12.5,708.27,5.57,36.09,7.1
56,2022-10-11 17:10:01,-30.2,12.4,697.91,14.65,37.31,7.07
57,2022-10-11 17:15:01,-30.0,12.8,711.82,6.72,36.09,7.0
58,2022-10-11 17:20:01,-30.0,12.5,701.36,10.56,38.11,2.55
59,2022-10-11 17:25:01,-30.1,12.6,696.82,12.85,32.05,6.73
60,2022-10-11 17:30:01,-29.9,12.6,730.09,48.95,29.32,6.82
61,2022-10-11 17:35:02,-30.0,12.6,705.0,10.02,36.14,6.68
62,2022-10-11 17:40:01,-29.9,12.8,713.36,6.65,32.87,6.73
63,2022-10-11 17:45:01,-29.9,12.5,709.09,7.97,34.3,5.44
64,2022-10-11 17:50:01,-29.9,12.5,701.27,9.43,28.51,2.99
65,2022-10-11 17:55:01,-30.0,12.4,700.55,11.82,35.8,6.97
66,2022-10-11 18:00:01,-29.9,12.6,712.09,7.77,15.79,6.95
67,2022-10-11 18:05:01,-29.9,12.4,712.55,21.69,35.3,7.07
68,2022-10-11 18:10:01,-29.9,12.6,711.91,8.81,27.14,6.82
69,2022-10-11 18:15:01,-30.0,12.8,705.18,13.06,30.93,6.63
70,2022-10-11 18:20:02,-30.1,12.5,705.73,9.03,24.24,7.12
71,2022-10-11 18:25:01,-30.2,12.5,706.0,26.36,17.63,6.95
72,2022-10-11 18:30:01,-30.0,12.5,711.73,14.52,21.09,7.86
73,2022-10-11 18:35:01,-30.1,12.6,704.82,10.74,18.05,7.0
74,2022-10-11 18:40:01,-30.0,12.9,704.91,9.73,35.44,6.78
75,2022-10-11 18:45:01,-30.1,12.6,709.36,7.93,27.58,7.05
76,2022-10-11 18:50:01,-30.4,12.6,712.18,5.4,18.13,7.0
77,2022-10-11 18:55:01,-30.4,12.7,708.55,2.2,35.71,7.1
78,2022-10-11 19:00:01,-30.4,12.6,707.64,13.03,29.61,6.95
79,2022-10-11 19:05:01,-30.3,12.7,700.36,17.84,29.87,7.39
80,2022-10-11 19:10:01,-30.6,12.6,714.18,2.84,28.61,6.75
81,2022-10-11 19:15:01,-30.3,12.6,712.45,12.61,31.12,6.58
82,2022-10-11 19:20:01,-30.5,12.7,700.64,14.6,35.5,7.0
83,2022-10-11 19:25:02,-30.4,12.7,707.55,9.75,35.82,7.0
84,2022-10-11 19:30:01,-30.4,12.8,712.18,10.48,34.59,6.9
85,2022-10-11 19:35:01,-30.6,12.5,712.27,5.87,30.61,2.13
86,2022-10-11 19:40:01,-30.4,12.7,707.55,4.73,14.93,6.92
87,2022-10-11 19:45:01,-30.5,12.6,712.0,1.76,19.29,6.58
88,2022-10-11 19:50:01,-30.5,12.8,703.73,13.44,30.73,6.82
89,2022-10-11 19:55:01,-30.6,12.4,708.73,5.35,21.9,6.82
90,2022-10-11 20:00:02,-30.5,12.9,709.09,3.98,11.42,6.77
91,2022-10-11 20:05:01,-30.6,12.6,708.82,3.61,22.47,7.32
92,2022-10-11 20:10:01,-30.6,12.8,708.18,13.39,26.43,7.05
93,2022-10-11 20:15:01,-30.5,12.5,700.36,13.96,29.21,6.58
94,2022-10-11 20:20:01,-30.6,12.6,715.45,10.64,12.05,6.87
95,2022-10-11 20:25:01,-30.7,12.6,704.0,14.51,23.83,6.65
96,2022-10-11 20:30:01,-30.5,12.6,700.82,9.75,28.97,6.73
97,2022-10-11 20:35:01,-30.6,12.7,774.09,34.63,34.14,6.75
98,2022-10-11 20:40:01,-30.5,12.8,706.18,14.51,34.79,6.85
99,2022-10-11 20:45:01,-30.6,12.6,711.91,10.87,16.78,6.58
100,2022-10-11 20:50:01,-30.6,12.7,712.27,4.36,26.07,7.05
101,2022-10-11 20:55:01,-30.4,12.6,711.36,4.02,29.22,6.77
102,2022-10-11 21:00:02,-30.5,12.7,708.45,9.11,25.1,6.73
103,2022-10-11 21:05:01,-30.7,12.5,711.91,10.37,11.91,6.65
104,2022-10-11 21:10:01,-30.7,12.5,707.82,3.01,27.3,6.63
105,2022-10-11 21:15:01,-30.7,12.6,710.45,6.55,35.03,7.19
106,2022-10-11 21:20:01,-30.6,12.3,699.73,10.11,7.27,6.92
107,2022-10-11 21:25:02,-30.7,12.4,713.18,7.48,8.33,7.1
108,2022-10-11 21:30:01,-30.6,12.5,708.36,7.81,30.87,6.55
109,2022-10-11 21:35:01,-30.7,12.5,709.55,5.13,31.21,6.23
110,2022-10-11 21:40:01,-30.7,12.5,712.0,4.69,29.51,6.87
111,2022-10-11 21:45:01,-30.6,12.5,719.36,5.57,33.33,6.58
112,2022-10-11 21:50:02,-30.7,12.6,704.0,10.72,33.57,6.53
113,2022-10-11 21:55:01,-30.6,12.6,710.55,11.43,20.73,6.4
114,2022-10-11 22:00:02,-30.6,12.6,708.55,3.24,34.12,8.01
115,2022-10-11 22:05:01,-30.5,12.5,719.64,14.84,36.53,6.7
116,2022-10-11 22:10:01,-30.6,12.5,704.64,7.31,33.59,7.64
117,2022-10-11 22:15:01,-30.8,12.3,712.36,21.77,8.86,6.9
118,2022-10-11 22:20:01,-30.6,12.6,708.91,10.69,13.06,6.33
119,2022-10-11 22:25:01,-30.6,12.5,712.18,7.52,10.59,3.24
120,2022-10-11 22:30:01,-30.7,12.5,697.73,8.09,32.73,6.53
121,2022-10-11 22:35:01,-30.7,12.6,1065.09,141.34,30.77,6.33
122,2022-10-11 22:40:02,-30.7,12.5,704.91,6.63,19.27,6.63
123,2022-10-11 22:45:01,-30.7,12.5,708.64,4.14,28.53,7.15
124,2022-10-11 22:50:01,-30.6,12.5,708.91,12.3,30.64,6.73
125,2022-10-11 22:55:01,-30.6,12.3,704.91,13.57,30.24,1.29
126,2022-10-11 23:00:01,-30.7,12.4,697.73,11.92,25.44,6.45
127,2022-10-11 23:05:01,-30.7,12.4,707.73,11.06,22.47,6.7
128,2022-10-11 23:10:01,-30.6,12.3,700.09,17.28,25.04,5.91
129,2022-10-11 23:15:01,-30.6,12.3,695.55,12.06,32.82,6.53
130,2022-10-11 23:20:01,-30.6,12.3,704.91,9.62,36.14,6.87
131,2022-10-11 23:25:01,-30.5,12.5,707.55,8.68,39.13,6.43
132,2022-10-11 23:30:01,-30.6,12.3,701.91,12.2,38.0,7.0
133,2022-10-11 23:35:01,-30.6,12.1,701.55,8.77,35.26,6.5
134,2022-10-11 23:40:01,-30.6,12.4,708.64,8.26,31.11,6.58
135,2022-10-11 23:45:01,-30.7,12.4,701.36,8.65,36.95,6.82
136,2022-10-11 23:50:01,-30.7,12.3,701.45,8.79,15.51,6.95
137,2022-10-11 23:55:01,-30.6,12.4,705.27,12.22,35.45,6.53
138,2022-10-12 00:00:01,-30.5,12.3,700.45,8.89,32.77,7.19
139,2022-10-12 00:05:01,-30.6,12.3,708.64,8.07,37.88,4.99
140,2022-10-12 00:10:01,-30.3,12.6,701.45,23.33,38.23,6.43
141,2022-10-12 00:15:01,-30.5,12.5,705.18,5.49,38.15,6.6
142,2022-10-12 00:20:01,-30.5,12.4,707.0,17.85,38.36,6.97
143,2022-10-12 00:25:01,-30.5,12.5,712.09,2.69,38.36,7.15
144,2022-10-12 00:30:01,-30.4,12.8,687.64,14.0,38.0,6.7
145,2022-10-12 00:35:01,-30.5,12.6,697.45,24.56,38.11,6.8
146,2022-10-12 00:40:01,-30.5,12.6,708.45,4.88,38.37,6.26
147,2022-10-12 00:45:01,-30.8,12.3,705.09,7.67,37.76,6.87
148,2022-10-12 00:50:01,-30.8,12.3,700.82,9.78,38.18,6.77
149,2022-10-12 00:55:01,-30.8,12.2,708.09,6.99,38.36,6.6
150,2022-10-12 01:00:01,-30.7,12.1,690.91,8.13,38.1,6.77
151,2022-10-12 01:05:01,-30.6,12.2,701.27,15.39,38.33,7.37
152,2022-10-12 01:10:01,-30.7,12.2,702.09,2.4,38.3,6.45
153,2022-10-12 01:15:01,-30.6,12.5,700.73,11.11,38.49,4.67
154,2022-10-12 01:20:01,-30.6,12.3,704.91,8.03,38.37,6.75
155,2022-10-12 01:25:01,-30.6,12.3,701.45,16.84,38.16,6.97
156,2022-10-12 01:30:01,-30.6,12.3,708.55,8.77,38.31,6.95
157,2022-10-12 01:35:01,-30.7,12.3,697.82,26.49,37.86,7.12
158,2022-10-12 01:40:02,-30.8,12.0,694.27,12.47,38.18,6.87
159,2022-10-12 01:45:01,-30.7,12.3,701.55,11.27,38.37,6.68
160,2022-10-12 01:50:01,-30.8,12.1,697.73,9.97,38.34,7.1
161,2022-10-12 01:55:01,-30.8,12.1,711.91,2.66,38.43,6.75
162,2022-10-12 02:00:01,-30.8,12.2,686.73,11.94,37.95,6.65
163,2022-10-12 02:05:01,-30.9,12.1,694.0,12.67,38.25,6.75
164,2022-10-12 02:10:01,-30.9,12.3,707.0,9.39,38.48,6.7
165,2022-10-12 02:15:01,-30.9,12.0,693.18,12.73,38.25,6.95
166,2022-10-12 02:20:01,-30.9,12.0,689.64,15.04,38.16,6.58
167,2022-10-12 02:25:01,-30.9,12.1,712.45,2.1,38.48,6.58
168,2022-10-12 02:30:01,-30.9,12.1,689.55,15.61,38.1,7.05
169,2022-10-12 02:35:01,-30.8,12.1,697.64,15.39,38.07,7.02
170,2022-10-12 02:40:01,-30.9,12.2,679.27,12.81,38.33,7.0
171,2022-10-12 02:45:01,-30.8,12.2,682.09,6.81,37.98,7.34
172,2022-10-12 02:50:02,-30.8,12.1,689.45,23.78,38.15,6.35
173,2022-10-12 02:55:01,-30.8,12.0,700.27,12.35,38.31,4.13
174,2022-10-12 07:10:01,-30.4,12.3,708.18,4.71,34.52,3.36
175,2022-10-12 07:15:01,-30.5,12.5,735.18,72.62,38.13,6.58
176,2022-10-12 07:20:01,-30.4,12.3,694.0,27.15,29.97,6.8
177,2022-10-12 07:25:01,-30.5,12.5,697.64,18.54,36.45,6.75
178,2022-10-12 07:30:01,-30.4,12.2,723.73,78.7,26.19,6.21
179,2022-10-12 07:35:01,-30.2,12.6,701.82,11.7,25.48,6.75
180,2022-10-12 07:40:01,-30.5,12.1,704.09,7.24,31.11,7.1
181,2022-10-12 07:45:01,-30.1,12.7,724.45,10.14,26.23,6.3
182,2022-10-12 07:50:01,-30.4,12.4,722.91,64.86,32.54,6.97
183,2022-10-12 07:55:01,-30.3,12.5,709.09,17.29,35.26,2.37
184,2022-10-12 08:00:01,-30.2,12.7,730.73,18.94,32.03,1.38
185,2022-10-12 08:05:01,-30.6,12.6,756.73,130.34,34.41,1.01
186,2022-10-12 08:10:01,-31.1,12.3,781.55,22.93,23.88,5.71
187,2022-10-12 08:15:01,-30.7,12.3,702.09,20.6,35.35,5.42
188,2022-10-12 08:20:01,-30.9,12.3,708.55,32.35,27.74,5.88
189,2022-10-12 08:25:01,-30.8,12.5,703.73,17.59,31.21,6.58
190,2022-10-12 08:30:01,-30.4,12.5,709.55,5.74,31.09,6.9
191,2022-10-12 08:35:01,-30.6,12.4,704.91,16.12,33.7,6.95
192,2022-10-12 08:40:01,-30.7,12.4,701.27,4.88,10.78,6.6
193,2022-10-12 08:45:01,-30.6,12.6,712.91,20.34,31.72,6.35
194,2022-10-12 08:50:02,-30.6,12.5,689.73,14.03,28.25,4.1
195,2022-10-12 08:55:01,-30.6,12.7,705.18,15.82,23.98,4.82
196,2022-10-12 09:00:01,-30.7,12.5,712.27,3.82,34.49,4.15
197,2022-10-12 09:05:01,-30.5,12.6,693.73,9.84,30.9,6.77
198,2022-10-12 09:10:01,-30.8,12.5,708.73,13.84,21.13,6.53
199,2022-10-12 09:15:01,-30.2,12.9,708.73,23.82,38.06,6.55
200,2022-10-12 09:20:01,-30.5,12.5,716.27,45.45,32.05,7.02
201,2022-10-12 09:25:01,-30.4,12.8,701.64,19.06,34.0,6.97
202,2022-10-12 09:30:01,-30.7,12.3,704.36,5.08,37.38,6.28
203,2022-10-12 09:35:01,-30.5,12.4,705.0,20.96,34.53,6.87
204,2022-10-12 09:40:01,-30.2,12.7,694.64,9.71,37.73,6.8
205,2022-10-12 09:45:01,-30.6,12.6,694.0,24.65,27.85,6.55
206,2022-10-12 09:50:01,-30.5,12.4,697.45,7.71,36.86,6.95
207,2022-10-12 09:55:01,-30.1,12.8,713.18,4.38,35.88,7.12
208,2022-10-12 10:00:01,-30.4,12.6,712.0,12.29,33.96,4.3
209,2022-10-12 10:05:01,-30.4,12.6,701.73,19.03,31.1,6.48
210,2022-10-12 10:10:01,-30.2,12.8,704.91,18.65,36.33,6.82
211,2022-10-12 10:15:01,-30.2,12.6,704.73,14.38,28.99,6.45
212,2022-10-12 10:20:01,-30.3,12.8,716.91,5.48,34.66,6.8
213,2022-10-12 10:25:01,-30.2,12.9,700.45,20.07,28.12,5.04
214,2022-10-12 10:30:01,-30.4,12.5,708.55,9.45,33.93,6.9
215,2022-10-12 10:35:01,-30.4,12.8,701.18,21.39,32.91,6.87
216,2022-10-12 10:40:01,-30.3,12.7,697.45,20.55,36.38,6.7
217,2022-10-12 10:45:01,-30.7,12.6,704.82,25.6,29.59,6.3
218,2022-10-12 10:50:01,-30.7,12.7,747.18,75.75,33.65,6.7
219,2022-10-12 10:55:01,-30.5,12.7,701.55,32.5,37.69,7.24
220,2022-10-12 11:00:01,-30.9,12.6,705.36,8.49,35.75,5.81
221,2022-10-12 11:05:01,-30.5,12.9,705.18,14.21,37.11,2.55
222,2022-10-12 11:10:01,-30.4,12.7,707.55,10.04,35.06,6.85
223,2022-10-12 11:15:02,-30.7,12.7,707.64,10.56,37.73,6.43
224,2022-10-12 11:20:01,-30.6,13.0,730.91,38.62,36.1,6.82
225,2022-10-12 11:25:01,-30.7,12.8,704.0,13.78,38.31,6.9
226,2022-10-12 11:30:01,-30.7,12.6,706.45,17.5,36.98,6.55
227,2022-10-12 11:35:02,-30.4,12.7,719.27,10.16,22.7,5.98
228,2022-10-12 11:40:01,-30.9,12.6,705.36,18.83,24.21,6.92
229,2022-10-12 11:45:01,-30.6,12.7,721.45,18.01,25.45,8.46
230,2022-10-12 11:50:01,-30.6,12.8,712.55,17.39,21.05,6.95
231,2022-10-12 11:55:02,-30.5,12.8,733.36,46.37,29.64,4.82
232,2022-10-12 12:00:01,-30.7,12.3,701.45,6.39,31.06,4.87
233,2022-10-12 12:05:01,-29.6,9.1,689.73,16.62,23.61,6.65
234,2022-10-12 12:10:01,-30.1,11.5,733.36,18.32,18.23,6.95
235,2022-10-12 12:15:01,-30.3,12.6,703.82,8.98,22.56,6.08
236,2022-10-12 12:20:01,-30.3,12.9,691.73,32.15,37.92,6.87
237,2022-10-12 12:25:01,-30.6,12.6,694.45,19.04,37.93,7.07
238,2022-10-12 12:30:01,-30.3,12.9,686.55,12.24,35.23,7.05
239,2022-10-12 12:35:01,-30.4,12.9,708.45,15.56,35.82,6.78
240,2022-10-12 12:40:01,-30.5,12.8,705.27,15.85,29.97,6.3
241,2022-10-12 12:45:01,-30.6,12.6,700.18,11.23,36.58,2.97
242,2022-10-12 12:50:01,-30.4,12.9,705.73,4.55,28.18,6.33
243,2022-10-12 12:55:01,-30.8,12.6,701.91,13.1,35.63,6.73
244,2022-10-12 13:00:01,-30.3,12.8,692.91,23.5,38.16,6.7
245,2022-10-12 13:05:01,-30.4,12.8,701.73,19.22,34.98,6.55
246,2022-10-12 13:10:02,-30.2,12.8,712.0,6.78,34.94,6.77
247,2022-10-12 13:15:01,-30.4,12.8,705.09,5.54,38.25,7.44
248,2022-10-12 13:20:01,-30.6,12.8,697.91,8.33,30.14,6.75
249,2022-10-12 13:25:01,-30.4,13.0,690.36,17.4,38.03,7.27
250,2022-10-12 13:30:01,-30.2,13.1,700.45,17.18,38.05,6.7
251,2022-10-12 13:35:02,-30.4,13.0,697.64,15.4,37.65,6.23
252,2022-10-12 13:40:01,-30.6,12.9,708.55,9.56,26.91,8.13
253,2022-10-12 13:45:01,-30.3,12.9,708.55,10.08,36.77,6.92
254,2022-10-12 13:50:01,-30.6,12.9,706.0,17.43,36.16,5.69
255,2022-10-12 13:55:01,-30.6,12.9,698.18,6.72,33.1,6.5
256,2022-10-12 14:00:01,-30.6,12.9,701.55,25.12,37.31,7.49
257,2022-10-12 14:05:01,-30.6,12.7,699.82,15.84,31.78,7.34
258,2022-10-12 14:10:01,-30.9,12.7,709.91,10.43,38.18,6.92
259,2022-10-12 14:15:01,-30.7,12.6,952.55,193.02,28.65,1.29
260,2022-10-12 14:20:01,-30.6,12.6,701.82,5.91,32.49,6.77
261,2022-10-12 14:25:01,-30.6,13.0,697.55,17.45,33.96,6.33
262,2022-10-12 14:30:01,-30.4,13.0,685.55,20.34,37.94,6.8
263,2022-10-12 14:35:01,-30.6,12.8,704.45,13.52,36.47,4.62
264,2022-10-12 14:40:01,-30.8,12.8,712.64,2.8,36.26,7.37
265,2022-10-12 14:45:01,-30.6,12.8,708.55,3.98,33.8,7.17
266,2022-10-12 14:50:01,-30.6,12.8,708.64,13.89,32.31,7.02
267,2022-10-12 14:55:01,-30.7,12.8,708.55,9.74,34.78,7.22
268,2022-10-12 15:00:01,-30.7,12.9,719.45,13.49,36.66,6.9
269,2022-10-12 15:05:01,-30.6,12.6,720.82,17.91,36.61,6.5
270,2022-10-12 15:10:01,-30.9,12.5,708.73,12.25,35.92,7.05
271,2022-10-12 15:15:01,-30.7,12.6,701.09,12.67,34.86,6.72
272,2022-10-12 15:20:01,-30.6,12.8,705.36,10.14,36.59,6.58
273,2022-10-12 15:25:01,-30.6,12.6,704.64,8.33,33.13,6.65
274,2022-10-12 15:30:01,-30.9,12.5,698.64,15.16,38.08,6.82
275,2022-10-12 15:35:02,-30.6,12.7,701.27,14.8,34.92,7.64
276,2022-10-12 15:40:01,-30.7,12.6,712.55,8.53,30.79,7.19
277,2022-10-12 15:45:01,-30.7,12.7,704.45,7.65,35.6,6.97
278,2022-10-12 15:50:01,-30.6,12.8,692.64,24.06,28.41,6.97
279,2022-10-12 15:55:01,-30.6,12.8,698.55,12.89,38.12,6.58
280,2022-10-12 16:00:01,-30.6,12.5,694.0,17.72,38.03,6.58
281,2022-10-12 16:05:01,-30.6,12.5,694.09,22.67,38.0,7.12
282,2022-10-12 16:10:01,-30.7,12.7,698.27,23.16,37.76,6.95
283,2022-10-12 16:15:02,-30.8,12.5,712.55,60.04,35.89,6.53
284,2022-10-12 16:20:02,-30.8,12.6,702.0,13.61,32.54,6.9
285,2022-10-12 16:25:01,-30.7,12.6,708.91,9.28,32.0,6.58
286,2022-10-12 16:30:02,-30.8,12.6,701.0,11.5,30.54,6.87
287,2022-10-12 16:35:01,-30.7,12.4,702.36,22.32,31.46,7.0
288,2022-10-12 16:40:01,-30.7,12.4,702.45,10.27,13.35,7.15
289,2022-10-12 16:45:01,-31.0,12.3,709.27,19.57,32.65,6.95
290,2022-10-12 16:50:01,-30.6,12.6,708.82,17.62,21.45,6.43
291,2022-10-12 16:55:01,-30.6,12.5,705.27,10.51,29.01,6.55
292,2022-10-12 17:00:01,-30.7,12.6,696.91,20.7,30.13,7.07
293,2022-10-12 17:05:02,-30.8,12.5,698.36,6.04,27.27,7.29
294,2022-10-12 17:10:01,-30.8,12.4,708.45,5.63,25.63,6.6
295,2022-10-12 17:15:01,-30.7,12.5,691.64,13.43,32.23,7.22
296,2022-10-12 17:20:01,-30.9,12.3,705.64,13.65,30.16,6.97
297,2022-10-12 17:25:01,-30.8,12.3,705.82,18.81,17.26,7.07
298,2022-10-12 17:30:01,-30.7,12.5,712.18,10.33,22.34,6.97
299,2022-10-12 17:35:01,-30.6,12.3,710.36,16.69,20.21,6.6
300,2022-10-12 17:40:01,-30.9,12.5,701.0,11.16,9.97,6.73
301,2022-10-12 17:45:01,-30.6,12.3,711.82,6.55,33.45,7.05
302,2022-10-12 17:50:02,-30.6,12.4,701.18,18.02,34.13,6.92
303,2022-10-12 17:55:01,-30.6,12.4,713.27,13.66,34.19,6.65
304,2022-10-12 18:00:01,-30.7,12.2,705.91,16.29,23.64,6.6
305,2022-10-12 18:05:01,-30.8,12.2,708.91,18.05,19.32,6.6
306,2022-10-12 18:10:01,-30.9,12.1,701.18,10.24,9.65,7.02
307,2022-10-12 18:15:02,-30.8,12.3,719.45,7.56,22.78,6.85
308,2022-10-12 18:20:01,-31.1,12.1,710.55,25.98,13.87,8.6
309,2022-10-12 18:25:01,-30.8,12.1,716.64,11.69,11.65,1.9
310,2022-10-12 18:30:01,-30.8,12.0,712.18,2.44,27.46,6.8
311,2022-10-12 18:35:01,-30.8,12.3,701.36,17.53,32.95,7.24
312,2022-10-12 18:40:01,-30.6,12.3,696.91,9.79,23.36,6.65
313,2022-10-12 18:45:01,-30.7,12.3,695.0,15.08,27.55,6.75
314,2022-10-12 18:50:01,-30.8,12.4,698.55,12.21,25.44,6.92
315,2022-10-12 18:55:02,-30.8,12.5,712.27,15.64,26.53,1.53
316,2022-10-12 19:00:01,-30.9,12.3,712.0,4.64,35.77,6.45
317,2022-10-12 19:05:01,-31.0,12.5,711.91,15.38,9.62,6.77
318,2022-10-12 19:10:01,-30.9,12.4,719.55,3.01,14.48,6.58
319,2022-10-12 19:15:01,-30.9,12.2,700.55,9.21,34.73,1.14
320,2022-10-12 19:20:01,-30.7,12.3,712.09,4.48,10.07,6.72
321,2022-10-12 19:25:01,-30.9,12.5,717.0,3.32,22.5,1.16
322,2022-10-12 19:30:01,-31.2,12.1,708.27,14.25,27.35,6.23
323,2022-10-12 19:35:01,-30.9,12.5,712.0,3.89,14.88,6.67
324,2022-10-12 19:40:01,-30.9,12.3,702.36,12.2,30.89,0.87
325,2022-10-12 19:45:01,-30.9,12.4,708.36,15.61,18.79,6.7
326,2022-10-12 19:50:02,-31.0,12.3,712.18,11.73,10.93,4.55
327,2022-10-12 19:55:01,-30.9,12.6,708.45,19.01,13.43,6.9
328,2022-10-12 20:00:01,-30.9,12.6,731.0,18.36,11.88,6.77
329,2022-10-12 20:05:01,-31.2,12.3,708.73,9.4,17.5,7.14
330,2022-10-12 20:10:01,-30.9,12.3,712.09,4.49,19.27,7.02
331,2022-10-12 20:15:01,-30.7,12.3,704.91,18.74,17.02,6.63
332,2022-10-12 20:20:01,-30.9,12.3,708.64,13.89,13.09,6.73
333,2022-10-12 20:25:01,-31.1,12.2,697.91,8.36,23.47,6.7
334,2022-10-12 20:30:01,-30.8,12.3,701.0,20.49,20.99,6.75
335,2022-10-12 20:35:02,-31.1,12.5,708.91,14.43,10.38,6.55
336,2022-10-12 20:45:01,-31.3,12.0,712.82,16.92,23.67,7.02
337,2022-10-12 20:50:01,-31.0,12.3,704.91,10.44,14.46,6.7
338,2022-10-12 20:55:01,-31.2,12.2,705.0,14.88,19.38,6.82
339,2022-10-12 21:00:01,-31.1,12.3,709.73,7.51,28.19,6.75
340,2022-10-12 21:05:01,-31.1,12.4,712.18,5.09,24.4,1.58
341,2022-10-12 21:10:01,-31.1,12.5,704.73,11.0,30.89,6.48
342,2022-10-12 21:15:01,-30.8,12.3,708.55,4.38,28.11,6.43
343,2022-10-12 21:20:01,-30.9,12.1,707.64,7.81,29.02,6.95
344,2022-10-12 21:25:01,-31.0,12.2,712.27,12.11,11.4,6.95
345,2022-10-12 21:30:02,-31.2,12.0,704.82,14.47,22.99,6.82
346,2022-10-12 21:35:01,-31.1,12.3,708.73,5.46,14.52,7.37
347,2022-10-12 21:40:01,-31.2,12.1,711.45,5.1,26.11,7.05
348,2022-10-12 21:45:01,-31.0,12.1,698.91,14.62,30.98,6.7
349,2022-10-12 21:50:01,-31.2,12.2,714.64,3.79,7.34,7.44
350,2022-10-12 21:55:01,-31.1,12.0,702.73,18.28,28.59,6.6
351,2022-10-12 22:00:01,-31.1,12.2,707.55,8.66,28.19,6.65
352,2022-10-12 22:05:01,-31.1,12.3,707.64,17.59,30.86,1.95
353,2022-10-12 22:10:01,-31.2,12.1,711.18,8.48,33.76,5.04
354,2022-10-12 22:15:01,-30.9,12.5,708.64,12.68,32.87,5.91
355,2022-10-12 22:20:01,-30.9,12.2,712.27,9.28,23.34,6.95
356,2022-10-12 22:25:01,-30.9,12.3,705.82,11.61,27.9,6.13
357,2022-10-12 22:30:01,-31.1,12.1,709.18,15.49,32.37,6.3
358,2022-10-12 22:35:01,-31.2,12.0,708.09,17.7,31.78,1.34
359,2022-10-12 22:40:01,-31.1,12.1,706.45,8.51,15.74,6.72
360,2022-10-12 22:45:01,-31.0,12.2,712.36,14.69,31.9,6.77
361,2022-10-12 22:50:02,-31.0,12.1,702.18,22.67,32.49,5.91
362,2022-10-12 22:55:01,-31.3,11.8,704.18,9.24,23.19,1.41
363,2022-10-12 23:00:01,-31.3,12.0,698.45,17.71,20.67,6.6
364,2022-10-12 23:05:01,-31.4,12.0,708.91,6.96,20.96,3.78
365,2022-10-12 23:10:02,-31.3,12.0,712.27,4.23,31.97,6.43
366,2022-10-12 23:15:01,-31.0,12.1,696.45,19.95,32.03,6.13
367,2022-10-12 23:20:01,-31.2,12.1,691.18,10.27,33.02,6.7
368,2022-10-12 23:25:01,-31.1,12.1,702.55,8.05,32.64,6.63
369,2022-10-12 23:30:01,-31.3,11.9,705.27,3.1,29.66,6.6
370,2022-10-12 23:35:02,-31.1,12.0,712.18,11.94,30.62,6.55
371,2022-10-12 23:40:01,-31.2,11.8,683.64,13.18,29.69,6.97
372,2022-10-12 23:45:01,-31.2,11.9,694.82,15.34,36.96,6.87
373,2022-10-12 23:50:01,-31.3,11.9,694.0,18.82,31.5,6.97
374,2022-10-12 23:55:01,-31.2,11.9,692.73,9.5,38.04,6.85
375,2022-10-13 00:00:01,-30.9,12.1,707.45,8.26,35.61,6.92
376,2022-10-13 00:05:01,-31.1,12.3,698.36,7.44,35.17,6.77
377,2022-10-13 00:10:01,-31.0,12.2,684.45,7.65,36.27,6.87
378,2022-10-13 00:15:01,-31.2,12.1,683.18,17.31,37.1,6.55
379,2022-10-13 00:20:02,-31.0,12.0,697.36,17.01,36.07,6.95
380,2022-10-13 00:25:01,-30.9,12.2,708.64,8.32,38.39,7.07
381,2022-10-13 00:30:02,-31.0,12.1,691.36,26.39,38.15,7.12
382,2022-10-13 00:35:01,-30.9,12.2,698.0,13.42,38.1,7.12
383,2022-10-13 00:40:01,-30.9,12.1,708.45,13.37,38.28,7.29
384,2022-10-13 00:45:01,-31.1,12.0,693.82,14.63,36.24,7.29
385,2022-10-13 00:50:01,-30.9,12.0,676.55,9.84,38.14,7.15
386,2022-10-13 00:55:01,-30.9,12.2,701.27,17.05,38.32,6.95
387,2022-10-13 01:00:01,-31.2,11.9,675.27,4.85,38.38,7.02
388,2022-10-13 01:05:01,-30.9,12.1,738.18,131.79,35.84,7.0
389,2022-10-13 01:10:01,-31.0,12.0,676.0,4.99,38.05,6.95
390,2022-10-13 01:15:01,-30.9,12.1,686.73,14.13,38.06,6.92
391,2022-10-13 01:20:01,-30.8,12.1,684.0,14.16,38.01,7.05
392,2022-10-13 01:25:01,-30.9,12.1,680.45,15.76,38.1,6.87
393,2022-10-13 01:30:01,-30.8,12.0,701.45,13.05,36.07,7.0
394,2022-10-13 01:35:01,-30.9,12.0,685.64,10.74,37.06,7.1
395,2022-10-13 01:40:01,-30.8,12.1,708.0,16.96,38.29,6.72
396,2022-10-13 01:45:02,-30.9,12.1,697.91,17.27,38.4,6.7
397,2022-10-13 01:50:01,-30.9,11.9,702.09,18.61,38.16,6.95
398,2022-10-13 01:55:01,-30.9,12.0,683.27,19.31,38.25,7.02
399,2022-10-13 02:00:01,-31.0,11.9,701.91,19.47,38.35,7.05
400,2022-10-13 02:05:01,-30.9,12.1,697.73,18.68,38.04,6.95
401,2022-10-13 02:10:01,-31.0,12.0,686.64,3.3,38.03,7.1
402,2022-10-13 02:15:01,-31.0,12.1,675.55,10.94,38.19,6.92
403,2022-10-13 02:20:01,-31.1,11.9,703.82,20.05,38.15,6.77
404,2022-10-13 02:25:02,-31.2,12.0,686.64,9.4,38.12,6.85
405,2022-10-13 02:30:01,-31.0,12.3,701.36,4.95,38.32,6.72
406,2022-10-13 02:35:01,-31.1,11.9,701.18,8.85,38.32,6.95
407,2022-10-13 02:40:01,-31.0,12.1,676.55,4.53,38.16,7.02
408,2022-10-13 02:45:01,-31.1,11.8,672.27,2.2,38.61,6.65
409,2022-10-13 02:50:01,-31.0,12.0,675.82,11.61,38.37,6.82
410,2022-10-13 02:55:01,-30.8,12.0,712.09,3.71,24.07,6.9
411,2022-10-13 03:00:01,-30.9,12.1,687.91,14.3,37.62,6.87
412,2022-10-13 03:05:01,-31.0,12.1,684.0,20.62,36.78,6.63
413,2022-10-13 03:10:01,-31.0,12.0,675.82,9.27,36.57,6.82
414,2022-10-13 03:15:01,-31.2,11.9,679.36,14.83,38.06,6.9
415,2022-10-13 03:20:02,-31.1,12.0,704.45,11.8,38.43,6.97
416,2022-10-13 03:25:01,-31.2,12.0,698.27,18.29,38.18,6.95
417,2022-10-13 03:30:01,-31.0,12.1,678.45,3.83,38.36,6.75
418,2022-10-13 03:35:01,-31.1,12.0,675.82,4.45,38.23,6.9
419,2022-10-13 03:40:01,-31.0,12.0,672.18,3.09,38.53,6.9
420,2022-10-13 03:45:01,-31.1,11.8,676.09,4.08,38.23,6.87
421,2022-10-13 03:50:01,-31.0,11.9,691.27,17.32,37.92,6.9
422,2022-10-13 03:55:01,-31.0,11.9,680.73,15.86,38.39,6.38
423,2022-10-13 04:00:02,-30.9,11.8,669.55,4.89,38.19,6.65
424,2022-10-13 04:05:01,-30.9,11.9,697.55,21.56,38.25,6.97
425,2022-10-13 04:10:01,-30.8,12.1,705.73,3.06,30.65,6.6
426,2022-10-13 04:15:01,-30.7,12.3,698.73,15.08,38.27,6.63
427,2022-10-13 04:20:02,-30.5,12.3,696.82,16.67,38.25,6.87
428,2022-10-13 04:25:01,-30.8,12.3,693.82,19.59,38.14,6.6
429,2022-10-13 04:30:01,-30.8,12.1,679.27,10.21,38.3,6.95
430,2022-10-13 04:35:01,-30.7,12.3,689.82,23.78,38.05,6.92
431,2022-10-13 04:40:01,-30.7,12.1,683.09,9.3,38.47,6.8
432,2022-10-13 04:45:01,-30.8,12.3,672.27,2.16,36.29,6.8
433,2022-10-13 04:50:01,-30.8,12.2,672.36,2.07,38.31,6.7
434,2022-10-13 04:55:01,-30.7,12.3,689.45,17.47,38.07,6.55
435,2022-10-13 05:00:02,-30.6,12.3,684.18,15.58,38.16,7.17
436,2022-10-13 05:05:01,-30.6,12.4,683.0,16.95,38.36,6.87
437,2022-10-13 05:10:01,-30.8,12.0,709.18,13.46,38.36,7.22
438,2022-10-13 05:15:01,-30.7,12.1,693.45,14.57,38.46,6.8
439,2022-10-13 05:20:01,-30.6,12.3,753.73,112.93,38.18,7.0
440,2022-10-13 05:25:01,-30.5,12.3,694.91,11.96,38.09,6.55
441,2022-10-13 05:30:01,-30.6,12.1,694.18,15.36,37.8,6.58
442,2022-10-13 05:35:01,-30.6,12.3,687.45,11.39,38.04,7.05
443,2022-10-13 05:40:01,-30.7,12.2,683.09,9.04,38.26,6.4
444,2022-10-13 05:45:01,-30.6,12.2,697.82,14.89,38.25,6.03
445,2022-10-13 05:50:01,-30.7,12.3,712.27,6.88,38.45,6.5
446,2022-10-13 05:55:01,-30.7,12.1,690.45,12.63,38.11,6.77
447,2022-10-13 06:00:01,-30.7,12.1,697.82,8.79,38.09,7.22
448,2022-10-13 06:05:01,-30.6,12.3,686.18,18.16,28.78,6.87
449,2022-10-13 06:10:01,-30.7,12.3,697.64,10.32,33.44,7.0
450,2022-10-13 06:15:02,-30.4,12.5,706.09,19.64,37.68,6.97
451,2022-10-13 06:20:01,-30.4,12.5,698.0,15.79,25.0,6.38
452,2022-10-13 06:25:01,-30.5,12.3,694.27,12.97,37.43,2.97
453,2022-10-13 06:30:01,-30.5,12.4,687.0,19.13,37.69,6.8
454,2022-10-13 06:35:01,-30.3,12.3,697.55,14.77,37.48,6.92
455,2022-10-13 06:40:01,-30.5,12.1,701.82,9.68,37.22,5.81
456,2022-10-13 06:45:01,-30.6,12.5,716.18,9.81,37.84,6.68
457,2022-10-13 06:50:01,-30.6,12.2,952.0,40.12,27.56,6.4
458,2022-10-13 06:55:01,-30.4,12.3,695.55,12.53,31.37,7.0
459,2022-10-13 07:00:01,-30.4,12.5,706.0,14.04,38.23,7.22
460,2022-10-13 07:05:01,-30.4,12.4,694.91,18.78,38.1,7.02
461,2022-10-13 07:10:01,-30.4,12.2,690.91,18.71,37.36,6.97
462,2022-10-13 07:15:01,-30.4,12.3,696.45,7.1,35.62,6.75
463,2022-10-13 07:20:01,-30.3,12.5,693.27,20.14,38.05,6.75
464,2022-10-13 07:25:01,-30.4,12.5,708.82,13.99,38.42,6.85
465,2022-10-13 07:30:01,-30.4,12.3,690.91,14.24,37.76,6.7
466,2022-10-13 07:35:01,-30.4,12.3,691.09,11.05,32.9,7.02
467,2022-10-13 07:40:02,-30.3,12.5,697.18,20.5,37.95,4.94
468,2022-10-13 07:45:01,-30.4,12.4,686.91,16.1,38.01,6.53
469,2022-10-13 07:50:01,-30.0,12.6,686.91,18.8,37.52,6.58
470,2022-10-13 07:55:01,-30.1,12.6,697.55,11.76,38.22,6.85
471,2022-10-13 08:00:01,-30.4,12.3,704.82,9.96,30.0,6.18
472,2022-10-13 08:05:01,-30.4,12.3,710.27,5.84,38.46,6.53
473,2022-10-13 08:10:01,-30.4,12.4,691.91,12.63,31.0,7.42
474,2022-10-13 08:15:02,-30.3,12.5,708.36,3.94,36.93,4.3
475,2022-10-13 08:20:01,-30.2,12.5,702.0,12.75,34.03,6.63
476,2022-10-13 08:25:01,-30.2,12.5,711.64,7.9,28.37,6.53
477,2022-10-13 08:30:01,-30.2,12.3,701.09,12.91,37.62,6.82
478,2022-10-13 08:35:02,-30.1,12.5,704.27,4.71,38.17,6.87
479,2022-10-13 08:40:01,-30.3,12.5,702.36,12.07,37.64,5.91
480,2022-10-13 08:45:01,-30.5,12.4,697.09,13.43,34.71,6.97
481,2022-10-13 08:50:01,-30.4,12.5,689.82,22.41,36.28,6.82
482,2022-10-13 08:55:01,-30.3,12.3,701.18,13.75,38.13,6.75
483,2022-10-13 09:00:01,-30.5,12.3,687.09,17.63,37.93,7.02
484,2022-10-13 09:05:01,-30.3,12.3,690.82,19.03,37.94,6.55
485,2022-10-13 09:10:01,-30.4,12.4,697.27,8.38,38.16,7.15
486,2022-10-13 09:15:02,-30.3,12.6,737.27,39.97,38.18,6.78
487,2022-10-13 09:20:01,-30.2,12.6,695.55,11.25,36.74,6.9
488,2022-10-13 09:25:01,-30.4,12.6,701.73,11.8,37.23,7.27
489,2022-10-13 09:30:01,-30.3,12.5,695.0,18.76,37.76,6.95
490,2022-10-13 09:35:01,-30.4,12.3,719.45,14.47,24.77,4.9
491,2022-10-13 09:40:01,-30.5,12.5,690.27,7.41,29.73,6.85
492,2022-10-13 09:45:01,-30.6,12.6,715.64,11.81,31.8,6.58
493,2022-10-13 09:50:02,-30.6,12.8,698.64,13.46,23.92,6.85
494,2022-10-13 09:55:01,-30.7,12.3,708.0,7.91,37.43,7.19
495,2022-10-13 10:00:01,-30.6,12.3,686.55,15.99,35.65,6.26
496,2022-10-13 10:05:01,-30.7,12.3,704.82,14.41,29.71,6.85
497,2022-10-13 10:10:01,-30.5,12.5,719.55,55.87,38.21,7.17
498,2022-10-13 10:15:01,-30.6,12.6,709.18,14.71,30.08,6.8
499,2022-10-13 10:20:01,-30.5,12.6,698.27,17.13,34.64,6.8
500,2022-10-13 10:25:01,-30.4,12.8,701.09,14.84,34.07,6.77
501,2022-10-13 10:30:01,-30.4,12.6,698.64,13.2,38.3,7.17
502,2022-10-13 10:35:01,-30.5,12.6,687.82,10.92,33.51,6.65
503,2022-10-13 10:40:01,-30.6,12.6,701.36,18.45,35.46,6.73
504,2022-10-13 10:45:01,-30.5,12.5,698.09,23.21,24.73,7.14
505,2022-10-13 10:50:01,-30.5,12.4,697.91,8.66,38.09,6.82
506,2022-10-13 10:55:01,-30.5,12.6,703.64,11.01,33.27,4.15
507,2022-10-13 11:00:01,-30.5,12.4,724.82,53.92,33.8,7.0
508,2022-10-13 11:05:01,-30.5,12.5,707.36,11.73,33.66,6.43
509,2022-10-13 11:10:01,-30.5,12.3,698.36,6.45,30.46,6.21
510,2022-10-13 11:15:02,-30.4,12.5,684.18,16.59,35.27,6.8
511,2022-10-13 11:20:02,-30.3,12.8,699.91,12.05,32.44,6.53
512,2022-10-13 11:25:01,-30.1,12.8,719.0,58.95,34.3,6.5
513,2022-10-13 11:30:01,-30.1,12.5,701.45,6.58,37.63,6.9
514,2022-10-13 11:35:01,-30.3,12.8,687.09,8.91,37.6,6.85
515,2022-10-13 11:40:01,-30.2,12.5,708.45,8.94,38.38,6.31
516,2022-10-13 11:45:01,-30.1,12.5,701.0,18.98,36.59,6.87
517,2022-10-13 11:50:01,-30.1,12.8,687.09,7.44,38.25,6.75
518,2022-10-13 11:55:01,-30.3,12.7,700.91,20.73,37.51,4.8
519,2022-10-13 12:00:01,-30.2,12.3,697.27,14.82,32.47,7.24
520,2022-10-13 12:05:01,-29.8,8.9,701.73,12.13,16.52,6.92
521,2022-10-13 12:10:01,-30.2,11.5,702.36,15.88,33.5,7.05
522,2022-10-13 12:15:02,-30.4,12.8,693.27,8.92,30.27,6.65
523,2022-10-13 12:20:01,-30.2,12.5,691.09,11.12,33.65,6.77
524,2022-10-13 12:25:01,-30.3,12.8,701.45,5.35,38.12,7.12
525,2022-10-13 12:30:01,-30.2,12.8,697.91,20.33,32.86,6.92
526,2022-10-13 12:35:01,-30.4,12.5,695.18,11.83,37.94,7.02
527,2022-10-13 12:40:01,-30.2,12.6,695.18,24.46,37.69,7.0
528,2022-10-13 12:45:01,-30.1,12.7,687.55,23.6,32.84,7.12
529,2022-10-13 12:50:01,-29.9,12.7,694.36,14.52,27.42,6.77
530,2022-10-13 12:55:01,-30.1,12.5,698.0,18.03,33.95,7.17
531,2022-10-13 13:00:01,-30.0,12.6,697.27,11.41,35.73,6.82
532,2022-10-13 13:05:01,-29.9,12.8,701.73,14.68,31.2,7.07
533,2022-10-13 13:10:01,-29.9,12.5,708.09,4.75,37.64,6.28
534,2022-10-13 13:15:02,-29.9,12.7,690.82,21.5,37.94,6.9
535,2022-10-13 13:20:02,-29.9,12.5,701.82,17.63,36.69,6.9
536,2022-10-13 13:25:01,-30.0,12.4,707.27,12.22,37.17,7.19
537,2022-10-13 13:30:02,-29.9,12.7,693.64,5.72,38.38,6.68
538,2022-10-13 13:35:01,-30.0,12.9,694.0,26.16,37.65,6.95
539,2022-10-13 13:40:01,-30.0,12.6,720.27,35.68,37.43,6.6
540,2022-10-13 13:45:01,-30.0,12.6,689.45,17.21,36.29,6.8
541,2022-10-13 13:50:01,-30.0,12.8,715.09,4.14,29.38,6.77
542,2022-10-13 13:55:01,-29.9,12.7,695.0,12.2,38.03,8.13
543,2022-10-13 14:00:01,-30.0,12.6,709.27,9.65,36.92,6.43
544,2022-10-13 14:05:02,-29.8,12.7,700.09,11.76,38.29,7.0
545,2022-10-13 14:10:01,-29.9,12.2,694.18,18.35,35.86,6.9
546,2022-10-13 14:15:01,-29.9,12.5,690.36,12.94,38.17,7.1
547,2022-10-13 14:20:01,-29.9,12.7,682.82,9.18,37.86,6.48
548,2022-10-13 14:25:01,-29.9,12.6,693.36,28.86,37.08,6.77
549,2022-10-13 14:30:01,-29.8,12.7,701.27,19.66,37.38,6.92
550,2022-10-13 14:35:01,-29.7,12.8,708.91,8.55,30.06,6.7
551,2022-10-13 14:40:01,-29.8,12.8,700.55,5.92,22.54,6.63
552,2022-10-13 14:45:01,-30.0,12.8,707.91,16.82,36.52,6.6
553,2022-10-13 14:50:01,-30.0,12.6,690.55,11.73,36.41,7.29
554,2022-10-13 14:55:01,-30.0,12.6,702.0,11.78,36.71,8.26
555,2022-10-13 15:00:01,-30.1,12.6,679.36,13.77,37.65,6.77
556,2022-10-13 15:05:01,-30.0,12.8,704.73,6.13,34.96,6.7
557,2022-10-13 15:10:01,-30.1,12.7,697.82,12.6,35.86,7.27
558,2022-10-13 15:15:02,-30.1,12.9,705.64,6.85,37.28,6.77
559,2022-10-13 15:20:01,-30.3,12.9,705.45,5.07,30.07,6.77
560,2022-10-13 15:25:01,-30.3,12.8,714.36,7.62,33.79,7.27
561,2022-10-13 15:30:02,-30.3,12.6,708.73,15.51,20.93,6.73
562,2022-10-13 15:35:01,-30.5,12.6,709.0,5.09,31.32,7.27
563,2022-10-13 15:40:01,-30.4,12.8,698.91,19.27,33.97,8.31
564,2022-10-13 15:45:01,-30.6,12.6,694.82,19.28,26.88,6.8
565,2022-10-13 15:50:01,-30.5,12.7,705.55,10.89,37.46,7.07
566,2022-10-13 15:55:01,-30.4,12.6,701.36,22.74,33.41,7.07
567,2022-10-13 16:00:01,-30.5,12.6,697.91,14.93,36.18,6.38
568,2022-10-13 16:05:01,-30.5,12.7,701.45,16.58,31.93,7.0
569,2022-10-13 16:10:01,-30.3,12.6,682.91,19.35,28.01,6.82
570,2022-10-13 16:15:01,-30.5,12.7,703.55,13.8,18.64,7.32
571,2022-10-13 16:20:01,-30.4,12.5,697.27,22.71,34.22,6.53
572,2022-10-13 16:25:01,-30.3,12.8,708.64,4.98,26.14,6.01
573,2022-10-13 16:30:02,-30.5,12.6,698.0,20.53,29.82,6.8
574,2022-10-13 16:35:01,-30.4,12.7,690.82,14.69,35.91,7.02
575,2022-10-13 16:40:01,-30.6,12.5,690.45,15.72,36.94,6.43
576,2022-10-13 16:45:01,-30.6,12.5,691.18,16.15,35.81,7.02
577,2022-10-13 16:50:01,-30.6,12.6,709.09,8.23,33.36,6.21
578,2022-10-13 16:55:01,-30.8,12.6,697.45,15.1,32.18,6.95
579,2022-10-13 17:00:01,-30.6,12.7,700.0,12.16,33.23,6.82
580,2022-10-13 17:05:01,-30.6,12.4,694.18,6.54,33.26,6.85
581,2022-10-13 17:10:01,-30.8,12.6,694.09,10.68,33.69,6.26
582,2022-10-13 17:15:01,-30.8,12.5,702.45,20.16,36.74,6.85
583,2022-10-13 17:20:01,-30.7,12.5,702.18,8.53,14.24,6.5
584,2022-10-13 17:25:01,-30.7,12.5,700.36,15.76,35.71,6.43
585,2022-10-13 17:30:01,-30.7,12.5,705.27,11.55,34.36,6.18
586,2022-10-13 17:35:01,-30.5,12.7,709.36,7.2,32.72,7.12
587,2022-10-13 17:40:01,-30.6,12.5,701.0,12.06,28.57,8.11
588,2022-10-13 17:45:01,-30.5,12.8,683.0,18.17,37.28,7.74
589,2022-10-13 17:50:01,-30.4,12.7,708.0,9.23,21.71,7.17
590,2022-10-13 17:55:02,-30.5,12.6,698.0,23.23,26.53,7.02
591,2022-10-13 18:00:01,-30.5,12.5,709.27,15.83,19.76,6.16
592,2022-10-13 18:05:02,-30.5,12.6,707.09,17.83,8.96,6.97
593,2022-10-13 18:10:01,-30.6,12.3,744.18,11.75,11.28,6.68
594,2022-10-13 18:15:01,-30.8,12.3,711.45,6.56,29.02,6.65
595,2022-10-13 18:20:01,-30.6,12.5,719.18,5.31,8.7,7.76
596,2022-10-13 18:25:01,-30.6,12.5,705.09,11.82,31.83,6.45
597,2022-10-13 18:30:01,-30.6,12.5,701.09,8.52,28.43,6.9
598,2022-10-13 18:35:01,-30.5,12.6,702.0,17.55,19.89,6.65
599,2022-10-13 18:40:01,-30.6,12.8,695.64,10.14,25.87,8.03
600,2022-10-13 18:45:01,-30.7,12.6,711.64,15.73,36.24,7.37
601,2022-10-13 18:50:02,-30.7,12.5,695.73,16.33,35.36,6.58
602,2022-10-13 18:55:01,-30.9,12.5,701.27,18.67,9.18,7.32
603,2022-10-13 19:00:01,-30.6,12.8,712.36,9.58,12.34,6.9
604,2022-10-13 19:05:01,-30.7,12.6,923.36,214.75,34.83,6.75
605,2022-10-13 19:10:02,-30.7,12.6,695.09,15.08,17.51,7.32
606,2022-10-13 19:15:01,-30.7,12.5,705.73,15.54,12.26,6.75
607,2022-10-13 19:20:01,-30.8,12.5,698.55,18.62,23.72,6.82
608,2022-10-13 19:25:01,-30.6,12.4,698.18,13.53,30.41,6.68
609,2022-10-13 19:30:01,-30.7,12.6,708.36,5.51,9.85,6.68
610,2022-10-13 19:35:01,-30.6,12.7,711.27,10.47,8.16,6.77
611,2022-10-13 19:40:01,-30.8,12.5,700.0,10.72,33.25,5.46
612,2022-10-13 19:45:01,-30.8,12.6,712.18,9.56,13.91,6.8
613,2022-10-13 19:50:02,-30.8,12.5,710.55,11.75,7.65,6.63
614,2022-10-13 19:55:01,-31.0,12.3,712.0,6.62,33.27,1.85
615,2022-10-13 20:00:01,-30.7,12.6,694.73,18.19,12.63,6.6
616,2022-10-13 20:05:01,-31.0,12.5,715.27,10.04,29.72,5.39
617,2022-10-13 20:10:01,-30.9,12.5,691.45,11.46,15.31,6.97
618,2022-10-13 20:15:01,-30.8,12.4,702.36,12.32,5.19,6.01
619,2022-10-13 20:20:01,-31.0,12.4,707.18,12.2,28.73,6.92
620,2022-10-13 20:25:01,-30.8,12.4,698.55,11.84,19.68,6.58
621,2022-10-13 20:30:01,-30.9,12.4,700.18,15.87,32.87,6.45
622,2022-10-13 20:35:02,-30.9,12.3,701.45,14.48,8.44,7.07
623,2022-10-13 20:40:01,-30.9,12.3,704.18,7.55,23.46,6.8
624,2022-10-13 20:50:01,-30.9,12.6,708.64,4.99,5.54,1.93
625,2022-10-13 20:55:01,-30.8,12.5,690.82,9.43,17.15,6.5
626,2022-10-13 21:00:01,-30.9,12.1,713.18,10.2,10.1,6.97
627,2022-10-13 21:05:01,-30.8,12.5,712.27,5.17,19.47,6.68
628,2022-10-13 21:10:01,-30.9,12.5,705.73,13.83,11.5,6.77
629,2022-10-13 21:15:01,-30.9,12.3,712.0,2.97,21.37,6.75
630,2022-10-13 21:20:01,-30.9,12.4,704.09,11.56,11.31,6.75
631,2022-10-13 21:25:01,-30.9,12.5,712.18,4.68,26.5,7.12
632,2022-10-13 21:30:02,-30.9,12.3,703.0,18.61,25.0,6.92
633,2022-10-13 21:35:01,-30.7,12.4,713.09,12.69,34.01,6.8
634,2022-10-13 21:40:01,-30.8,12.5,711.55,23.59,29.03,6.92
635,2022-10-13 21:45:01,-30.9,12.3,704.91,10.68,36.13,6.92
636,2022-10-13 21:50:01,-30.9,12.5,709.45,10.24,23.39,1.71
637,2022-10-13 21:55:01,-30.9,12.4,695.09,12.29,27.57,5.19
638,2022-10-13 22:00:01,-31.0,12.2,704.0,19.94,24.8,1.21
639,2022-10-13 22:05:01,-30.9,12.4,701.36,3.82,25.77,6.16
640,2022-10-13 22:10:01,-31.0,12.3,709.09,3.97,7.75,6.65
641,2022-10-13 22:15:01,-30.9,12.5,707.64,16.27,7.23,6.72
642,2022-10-13 22:20:01,-31.1,12.1,700.36,15.59,12.04,6.58
643,2022-10-13 22:25:01,-31.0,12.3,697.73,21.11,28.55,6.68
644,2022-10-13 22:30:01,-30.9,12.3,686.73,11.6,34.55,6.35
645,2022-10-13 22:35:01,-31.0,12.0,712.09,8.47,11.5,6.97
646,2022-10-13 22:40:01,-31.0,12.5,694.0,18.32,6.82,7.0
647,2022-10-13 22:45:01,-31.0,12.3,693.82,18.39,6.93,6.68
648,2022-10-13 22:50:01,-31.0,12.2,863.18,673.44,8.59,6.35
649,2022-10-13 22:55:01,-30.8,12.5,694.91,12.29,32.38,7.15
650,2022-10-13 23:05:01,-31.1,12.1,698.73,15.66,34.02,7.14
651,2022-10-13 23:10:01,-31.0,12.3,706.45,2.62,34.73,6.03
652,2022-10-13 23:15:01,-30.9,12.5,695.09,16.19,34.49,7.29
653,2022-10-13 23:20:01,-31.0,12.2,701.18,20.7,12.5,6.75
654,2022-10-13 23:25:01,-31.0,12.4,704.55,14.61,37.08,6.21
655,2022-10-13 23:30:01,-31.1,12.1,702.0,15.24,37.13,6.73
656,2022-10-13 23:35:02,-30.9,12.4,704.82,15.37,29.6,7.12
657,2022-10-13 23:40:01,-31.0,12.0,701.27,17.97,30.27,7.54
658,2022-10-13 23:45:01,-31.0,12.4,695.55,15.28,31.39,6.6
659,2022-10-13 23:50:01,-30.9,12.1,701.64,18.88,38.0,6.87
660,2022-10-13 23:55:01,-30.9,12.2,700.45,16.11,30.27,6.63
661,2022-10-14 00:00:01,-30.8,12.4,686.55,8.44,35.91,6.35
662,2022-10-14 00:05:01,-31.0,12.1,711.73,8.01,37.57,7.44
663,2022-10-14 00:10:02,-30.8,12.2,705.55,15.79,36.25,7.1
664,2022-10-14 00:15:01,-30.9,12.2,708.55,6.64,37.49,6.58
665,2022-10-14 00:20:01,-30.8,12.3,686.73,16.55,37.62,6.45
666,2022-10-14 00:25:01,-30.9,12.4,693.64,18.0,37.09,6.77
667,2022-10-14 00:30:01,-31.0,12.5,701.91,11.27,38.09,6.7
668,2022-10-14 00:35:02,-30.9,12.5,708.82,7.17,33.53,7.54
669,2022-10-14 00:40:01,-30.9,12.5,694.91,13.36,28.36,6.95
670,2022-10-14 00:45:01,-31.0,12.4,697.82,12.8,31.5,6.92
671,2022-10-14 00:50:01,-31.1,12.2,698.55,8.69,31.65,6.65
672,2022-10-14 00:55:02,-31.2,12.1,704.82,5.93,35.04,6.97
673,2022-10-14 01:00:01,-31.2,12.2,694.64,29.28,34.41,6.82
674,2022-10-14 01:05:01,-31.3,12.0,679.45,6.41,37.78,6.9
675,2022-10-14 01:10:01,-31.1,12.1,686.09,20.69,36.17,6.45
676,2022-10-14 01:15:02,-31.2,11.8,683.45,12.84,34.53,6.92
677,2022-10-14 01:20:01,-31.2,12.1,675.0,3.72,34.04,3.34
678,2022-10-14 01:25:01,-31.1,12.0,694.82,10.24,31.78,4.67
679,2022-10-14 01:30:01,-31.2,12.0,695.0,11.36,31.67,6.85
680,2022-10-14 01:35:01,-31.3,12.0,708.18,9.58,38.3,6.03
681,2022-10-14 01:40:01,-31.2,11.9,694.27,17.51,34.03,6.7
682,2022-10-14 01:45:01,-31.2,12.0,694.09,17.88,38.37,6.78
683,2022-10-14 01:50:01,-31.2,11.9,675.91,12.25,35.02,6.8
684,2022-10-14 01:55:01,-31.3,12.1,698.45,13.2,35.71,6.58
685,2022-10-14 02:00:01,-31.3,11.9,672.55,2.84,36.25,7.07
686,2022-10-14 02:05:01,-31.4,11.8,697.09,12.14,36.81,6.8
687,2022-10-14 02:10:01,-31.1,12.0,704.55,12.01,37.68,6.75
688,2022-10-14 02:15:01,-31.2,11.9,720.0,5.12,37.95,5.81
689,2022-10-14 02:20:01,-31.2,12.0,711.91,3.79,37.95,6.55
690,2022-10-14 02:25:01,-31.1,11.8,712.18,1.07,38.25,6.82
691,2022-10-14 02:30:02,-31.3,11.9,712.82,7.9,36.14,5.17
692,2022-10-14 02:35:01,-31.2,12.0,712.09,2.69,36.82,6.13
693,2022-10-14 02:40:01,-31.2,11.9,712.55,3.47,38.29,6.68
694,2022-10-14 02:45:01,-31.2,12.0,708.73,4.26,38.03,6.35
695,2022-10-14 02:50:01,-31.2,11.9,719.91,2.84,38.17,6.77
696,2022-10-14 02:55:01,-31.3,11.9,704.55,6.73,37.33,6.4
697,2022-10-14 03:00:01,-31.0,12.0,701.55,23.39,37.88,6.5
698,2022-10-14 03:05:01,-31.1,12.1,712.27,3.29,37.44,6.35
699,2022-10-14 03:10:02,-31.0,12.1,711.91,2.95,31.48,5.71
700,2022-10-14 03:15:01,-31.2,12.0,712.27,4.76,38.28,6.55
701,2022-10-14 03:20:01,-31.3,12.0,704.45,12.27,37.75,6.75
702,2022-10-14 03:25:01,-31.4,11.9,712.64,4.3,35.48,6.28
703,2022-10-14 03:30:01,-31.1,12.2,710.55,2.31,36.7,5.51
704,2022-10-14 03:35:01,-31.4,12.0,711.91,7.21,38.27,6.65
705,2022-10-14 03:40:01,-31.1,12.0,712.18,3.03,38.09,6.75
706,2022-10-14 03:45:01,-31.1,12.3,712.09,4.88,38.16,2.67
707,2022-10-14 03:50:02,-31.1,12.3,712.45,2.7,37.85,6.28
708,2022-10-14 03:55:01,-31.4,12.0,712.18,1.94,38.1,6.58
709,2022-10-14 04:00:01,-31.2,12.2,708.45,4.79,38.2,6.55
710,2022-10-14 04:05:01,-30.8,12.5,708.45,5.53,38.21,6.95
711,2022-10-14 04:10:01,-31.1,12.0,708.91,6.78,33.65,5.32
712,2022-10-14 04:15:01,-31.1,12.1,706.09,14.68,38.09,6.5
713,2022-10-14 04:20:01,-30.9,12.3,715.73,6.73,38.2,6.45
714,2022-10-14 04:25:01,-31.0,12.1,711.91,2.96,38.22,6.92
715,2022-10-14 04:30:02,-30.9,12.3,712.36,4.29,37.8,3.63
716,2022-10-14 04:35:01,-31.0,12.2,708.45,3.54,38.03,6.33
717,2022-10-14 04:40:01,-31.1,12.1,712.27,4.36,38.22,7.17
718,2022-10-14 04:45:01,-30.9,12.1,719.45,4.89,37.93,6.95
719,2022-10-14 04:50:01,-31.1,12.3,709.09,10.03,38.14,6.85
720,2022-10-14 04:55:01,-30.8,12.1,712.09,6.09,38.18,6.92
721,2022-10-14 05:00:01,-31.3,12.0,705.09,11.74,38.0,6.82
722,2022-10-14 05:05:01,-31.0,12.3,712.27,7.95,35.21,6.3
723,2022-10-14 05:10:01,-31.2,12.2,719.91,3.31,38.18,6.65
724,2022-10-14 05:15:01,-31.1,12.1,712.18,9.57,38.08,7.07
725,2022-10-14 05:20:01,-30.8,12.6,709.18,10.66,38.22,7.05
726,2022-10-14 05:25:01,-31.0,12.5,708.55,7.47,38.15,6.72
727,2022-10-14 05:30:02,-31.0,12.2,708.09,34.28,35.27,6.68
728,2022-10-14 05:35:01,-31.1,12.3,713.36,4.77,35.34,6.75
729,2022-10-14 05:40:01,-31.0,12.3,711.64,7.17,31.06,6.63
730,2022-10-14 05:45:01,-30.9,12.2,705.0,11.65,31.65,6.68
731,2022-10-14 05:50:01,-31.1,12.2,708.0,11.14,36.28,6.73
732,2022-10-14 05:55:01,-30.9,12.5,704.91,6.8,34.91,6.82
733,2022-10-14 06:00:01,-31.1,12.2,712.09,11.55,33.79,6.97
734,2022-10-14 06:05:01,-31.0,12.5,708.64,5.21,35.5,6.53
735,2022-10-14 06:10:02,-30.8,12.5,711.55,4.51,30.54,6.9
736,2022-10-14 06:15:01,-30.7,12.8,709.0,12.23,26.45,6.8
737,2022-10-14 06:20:01,-30.5,12.8,705.36,12.08,31.76,6.7
738,2022-10-14 06:25:01,-30.8,12.5,905.36,80.97,30.4,6.73
739,2022-10-14 06:30:01,-30.9,12.6,718.18,96.66,37.79,7.22
740,2022-10-14 06:35:01,-31.0,12.3,705.91,12.47,38.05,6.21
741,2022-10-14 06:40:01,-31.1,12.2,697.55,12.7,37.97,6.5
742,2022-10-14 06:45:01,-31.0,12.1,719.55,6.11,33.76,5.88
743,2022-10-14 06:50:01,-30.9,12.4,705.0,13.51,31.82,3.16
744,2022-10-14 06:55:01,-31.1,12.1,718.73,7.37,34.62,6.6
745,2022-10-14 07:00:01,-31.0,12.4,712.64,3.57,28.54,6.97
746,2022-10-14 07:05:01,-31.1,12.2,735.18,53.52,36.31,7.07
747,2022-10-14 07:10:01,-31.1,12.2,712.55,7.83,21.66,7.24
748,2022-10-14 07:15:01,-31.0,12.2,713.36,5.03,31.05,6.85
749,2022-10-14 07:20:01,-31.0,12.2,711.82,5.28,15.28,6.75
750,2022-10-14 07:25:01,-30.9,12.4,712.18,12.76,31.31,6.38
751,2022-10-14 07:30:01,-31.0,12.4,711.45,18.77,22.15,4.67
752,2022-10-14 07:35:01,-30.8,12.5,712.45,7.62,32.98,6.4
753,2022-10-14 07:40:01,-31.0,12.3,710.73,17.66,29.48,4.01
754,2022-10-14 07:45:01,-31.1,12.3,711.64,18.16,11.88,6.82
755,2022-10-14 07:50:02,-30.9,12.4,709.45,9.84,19.46,5.22
756,2022-10-14 07:55:01,-30.9,12.3,708.18,11.23,34.0,7.0
757,2022-10-14 08:00:01,-31.0,12.3,734.09,23.45,31.41,6.48
758,2022-10-14 08:05:01,-30.8,12.3,709.55,5.74,32.53,2.52
759,2022-10-14 08:10:01,-30.9,12.4,708.45,6.74,32.05,7.1
760,2022-10-14 08:15:01,-30.9,12.4,712.36,5.41,28.45,6.43
761,2022-10-14 08:20:01,-31.1,12.2,712.09,11.14,32.08,2.05
762,2022-10-14 08:25:01,-31.0,12.3,713.36,9.38,19.24,3.16
763,2022-10-14 08:30:02,-30.9,12.3,708.45,17.98,26.23,6.4
764,2022-10-14 08:35:01,-30.7,12.6,908.18,274.28,24.23,2.5
765,2022-10-14 08:40:01,-30.9,12.3,712.0,5.78,29.96,6.75
766,2022-10-14 08:45:01,-30.9,12.3,713.09,10.21,37.23,4.05
767,2022-10-14 08:50:01,-31.0,12.6,708.45,4.31,37.49,7.17
768,2022-10-14 08:55:01,-31.0,12.4,709.27,5.99,32.25,5.56
769,2022-10-14 09:00:01,-30.9,12.3,708.27,13.94,20.91,6.75
770,2022-10-14 09:05:01,-31.1,12.4,711.64,5.86,33.83,2.7
771,2022-10-14 09:10:02,-31.1,12.3,708.55,4.14,24.61,4.72
772,2022-10-14 09:15:01,-31.1,12.1,945.64,54.3,23.3,6.01
773,2022-10-14 09:20:01,-31.3,12.1,712.27,13.92,34.23,3.41
774,2022-10-14 09:25:02,-31.6,11.9,698.45,17.61,35.01,7.0
775,2022-10-14 09:30:01,-31.3,12.0,708.18,8.39,36.63,6.85
776,2022-10-14 09:35:01,-31.1,12.0,701.27,13.74,30.28,6.77
777,2022-10-14 09:40:01,-31.8,11.8,707.82,17.3,37.33,6.92
778,2022-10-14 09:45:01,-31.5,12.0,705.82,18.92,32.19,7.07
779,2022-10-14 09:50:02,-31.6,11.7,708.55,19.23,37.64,6.3
780,2022-10-14 09:55:01,-31.4,12.0,708.55,10.13,38.11,7.02
781,2022-10-14 10:00:01,-31.3,12.0,712.27,10.73,33.84,5.07
782,2022-10-14 10:05:01,-31.2,12.0,709.73,13.23,36.37,2.89
783,2022-10-14 10:10:01,-31.1,12.2,711.27,14.74,34.65,3.59
784,2022-10-14 10:15:01,-31.2,12.3,973.0,9.26,27.56,6.8
785,2022-10-14 10:20:01,-31.3,12.1,712.09,7.59,22.67,1.9
786,2022-10-14 10:25:01,-31.3,12.1,720.45,12.24,19.75,5.64
787,2022-10-14 10:30:01,-31.4,12.3,699.73,20.8,21.96,5.93
788,2022-10-14 10:35:01,-31.3,12.2,711.36,22.77,18.14,5.12
789,2022-10-14 10:40:01,-31.3,12.1,705.45,5.54,27.05,3.04
790,2022-10-14 10:45:01,-31.1,12.3,705.73,21.01,32.51,2.65
791,2022-10-14 10:50:01,-31.2,12.3,712.45,10.16,26.68,3.88
792,2022-10-14 10:55:01,-31.1,12.1,710.27,10.39,37.53,3.34
793,2022-10-14 11:00:01,-31.2,12.1,712.09,6.22,33.11,7.07
794,2022-10-14 11:05:01,-31.2,12.2,704.0,16.72,33.32,1.68
795,2022-10-14 11:10:01,-30.9,12.3,704.45,12.79,33.98,6.03
796,2022-10-14 11:15:01,-31.0,12.1,708.45,8.76,35.29,6.16
797,2022-10-14 11:20:01,-30.9,12.4,715.82,7.77,29.49,3.63
798,2022-10-14 11:25:01,-31.0,12.3,720.09,14.5,23.25,6.7
799,2022-10-14 11:30:01,-30.9,12.3,986.18,113.56,30.36,6.72
800,2022-10-14 11:35:01,-30.9,12.3,710.27,8.71,35.41,6.87
801,2022-10-14 11:40:01,-31.1,12.6,711.09,16.76,33.75,7.02
802,2022-10-14 11:45:01,-31.0,12.4,711.45,8.86,28.27,5.54
803,2022-10-14 11:50:01,-31.1,12.1,719.73,2.69,33.9,6.43
804,2022-10-14 11:55:01,-31.2,12.3,712.18,4.08,36.86,6.68
805,2022-10-14 12:00:01,-31.1,12.0,713.09,6.68,19.33,3.14
806,2022-10-14 12:05:01,-31.1,9.4,712.0,12.78,12.99,2.65
807,2022-10-14 12:10:02,-31.2,11.5,708.55,7.59,31.5,1.83
808,2022-10-14 12:15:01,-31.3,12.1,705.0,12.08,33.79,6.75
809,2022-10-14 12:20:01,-31.3,12.1,708.45,18.65,23.64,5.02
810,2022-10-14 12:25:01,-31.2,12.1,708.55,15.64,34.43,6.26
811,2022-10-14 12:30:02,-31.3,12.3,712.09,3.51,27.96,7.1
812,2022-10-14 12:35:01,-31.2,12.0,712.09,12.71,35.46,6.65
813,2022-10-14 12:40:01,-31.0,12.3,719.36,6.97,18.61,7.49
814,2022-10-14 12:45:01,-31.2,12.1,708.82,21.45,31.21,6.03
815,2022-10-14 12:50:01,-31.1,12.3,707.82,21.64,33.26,6.63
816,2022-10-14 12:55:01,-31.2,12.1,705.0,18.39,31.48,8.23
817,2022-10-14 13:00:01,-31.6,12.1,711.82,5.48,32.81,6.82
818,2022-10-14 13:05:01,-32.4,11.5,708.82,8.88,31.83,7.05
819,2022-10-14 13:10:02,-34.3,10.1,711.0,3.05,35.08,6.8
820,2022-10-14 13:15:01,-34.9,9.3,715.82,8.42,29.15,6.77
821,2022-10-14 13:20:01,-35.7,8.6,703.91,6.08,26.76,7.07
822,2022-10-14 13:25:01,-35.4,8.6,693.09,15.88,13.94,7.54
823,2022-10-14 13:30:01,-35.6,8.3,701.27,22.14,31.31,6.63
824,2022-10-14 13:35:02,-34.9,9.3,683.18,16.56,29.02,6.35
825,2022-10-14 13:40:02,-34.9,9.3,701.36,13.38,28.43,5.04
826,2022-10-14 13:45:01,-34.6,9.7,690.45,19.44,22.25,6.33
827,2022-10-14 13:50:01,-34.5,9.8,711.73,2.73,38.03,6.3
828,2022-10-14 13:55:01,-34.6,9.8,927.18,81.91,31.48,6.5
829,2022-10-14 14:00:02,-34.2,10.2,712.18,4.14,35.69,6.33
830,2022-10-14 14:05:01,-34.2,10.1,708.73,6.33,27.01,6.77
831,2022-10-14 14:10:02,-34.0,10.2,704.82,9.63,35.29,5.66
832,2022-10-14 14:15:01,-33.8,10.3,712.27,14.45,29.85,7.37
833,2022-10-14 14:20:01,-33.7,10.4,705.09,10.78,33.14,6.55
834,2022-10-14 14:25:01,-33.4,10.5,694.0,24.27,37.44,6.7
835,2022-10-14 14:30:01,-33.6,10.4,712.27,7.02,30.08,7.07
836,2022-10-14 14:35:01,-33.4,10.4,708.27,23.62,32.24,1.88
837,2022-10-14 14:40:01,-33.3,10.7,704.18,13.42,30.45,7.0
838,2022-10-14 14:45:01,-32.4,11.2,704.36,13.71,29.35,6.45
839,2022-10-14 14:50:02,-32.6,10.8,708.45,32.08,27.29,6.97
840,2022-10-14 14:55:01,-32.4,10.8,704.91,7.72,35.83,6.73
841,2022-10-14 15:00:01,-32.5,10.7,712.55,7.68,37.41,6.55
842,2022-10-14 15:05:01,-32.4,10.8,707.73,4.35,29.66,6.75
843,2022-10-14 15:10:01,-32.7,10.6,705.82,14.85,33.18,7.15
844,2022-10-14 15:15:01,-32.2,10.9,928.0,116.2,28.24,1.71
845,2022-10-14 15:20:01,-32.0,11.3,712.45,8.86,31.02,6.77
846,2022-10-14 15:25:01,-32.2,11.0,701.09,17.72,28.43,6.55
847,2022-10-14 15:30:02,-32.0,11.0,705.0,9.03,32.75,6.95
848,2022-10-14 15:35:01,-31.8,11.2,714.45,15.79,24.18,6.53
849,2022-10-14 15:40:01,-31.7,11.5,709.27,9.3,33.47,7.0
850,2022-10-14 15:45:01,-31.9,11.3,708.91,10.7,32.66,2.89
851,2022-10-14 15:50:01,-32.1,11.1,712.18,10.63,29.85,6.8
852,2022-10-14 15:55:01,-31.8,11.3,711.27,8.38,9.3,6.03
853,2022-10-14 16:00:02,-31.7,11.2,708.18,17.95,34.05,1.61
854,2022-10-14 16:05:01,-31.8,11.4,723.09,16.17,29.42,4.72
855,2022-10-14 16:10:01,-31.3,11.7,708.55,8.14,34.75,6.82
856,2022-10-14 16:15:01,-31.3,11.7,712.45,4.11,34.86,6.06
857,2022-10-14 16:20:01,-31.5,11.4,712.45,18.74,19.16,6.63
858,2022-10-14 16:25:01,-31.3,11.4,712.36,13.19,22.61,6.13
859,2022-10-14 16:30:01,-31.5,11.3,712.45,14.35,15.46,6.7
860,2022-10-14 16:35:01,-31.5,11.4,709.09,11.7,23.24,5.44
861,2022-10-14 16:40:01,-31.3,11.9,713.36,13.54,27.88,6.38
862,2022-10-14 16:45:01,-31.4,11.5,712.82,6.2,8.91,6.53
863,2022-10-14 16:50:02,-31.4,11.9,711.91,7.13,26.45,7.84
864,2022-10-14 16:55:01,-31.2,11.9,712.36,10.24,27.25,7.37
865,2022-10-14 17:00:01,-31.3,11.8,708.45,5.83,35.21,6.48
866,2022-10-14 17:05:01,-31.4,11.6,706.55,4.98,30.9,6.7
867,2022-10-14 17:10:01,-31.4,11.9,716.91,28.6,31.19,6.97
868,2022-10-14 17:15:01,-31.3,11.8,718.91,6.76,33.57,6.87
869,2022-10-14 17:20:01,-31.3,11.6,709.27,10.67,33.51,3.46
870,2022-10-14 17:25:01,-31.1,11.9,719.73,16.66,15.74,6.38
871,2022-10-14 17:30:01,-31.1,11.9,712.36,12.02,13.82,6.7
872,2022-10-14 17:35:01,-31.1,11.9,718.82,6.93,17.39,7.91
873,2022-10-14 17:40:01,-31.1,11.9,709.55,6.04,14.47,7.47
874,2022-10-14 17:45:01,-30.8,12.3,720.55,6.78,11.42,7.34
875,2022-10-14 17:50:01,-30.9,12.1,712.36,7.71,37.16,6.18
876,2022-10-14 17:55:01,-30.9,12.3,725.91,23.84,15.31,6.77
877,2022-10-14 18:00:02,-30.8,12.5,712.09,6.0,21.13,6.73
878,2022-10-14 18:05:01,-30.9,12.2,717.09,5.33,28.41,7.05
879,2022-10-14 18:10:01,-30.8,12.3,712.27,9.99,15.95,6.55
880,2022-10-14 18:15:01,-30.8,12.2,715.82,4.76,20.67,6.63
881,2022-10-14 18:20:01,-30.8,12.5,712.82,11.31,29.57,6.9
882,2022-10-14 18:25:01,-30.9,12.3,713.09,11.09,14.83,6.75
883,2022-10-14 18:30:01,-30.8,12.4,712.18,23.97,35.38,7.02
884,2022-10-14 18:35:01,-30.8,12.4,999.0,7.36,36.77,6.92
885,2022-10-14 18:40:01,-30.8,12.5,712.91,5.29,15.5,6.23
886,2022-10-14 18:45:01,-30.7,12.6,721.0,5.44,23.81,1.93
887,2022-10-14 18:50:01,-30.9,12.3,708.27,13.36,14.94,5.44
888,2022-10-14 18:55:01,-30.9,12.5,711.18,8.99,31.02,7.22
889,2022-10-14 19:00:01,-31.1,12.3,710.45,12.74,12.23,6.63
890,2022-10-14 19:05:01,-31.2,12.3,935.73,40.1,18.33,1.34
891,2022-10-14 19:10:01,-31.1,12.2,712.09,10.66,35.79,6.55
892,2022-10-14 19:15:01,-31.2,12.3,712.09,5.16,15.8,6.68
893,2022-10-14 19:20:01,-31.3,12.4,712.09,4.86,28.85,6.11
894,2022-10-14 19:25:01,-31.1,12.5,713.09,9.06,30.65,6.65
895,2022-10-14 19:30:01,-31.2,12.3,713.36,11.55,25.21,6.58
896,2022-10-14 19:35:01,-31.3,12.2,706.0,17.5,10.49,6.85
897,2022-10-14 19:40:01,-31.4,12.5,711.27,11.27,12.18,6.58
898,2022-10-14 19:45:01,-31.1,12.5,712.36,9.99,12.29,6.08
899,2022-10-14 19:50:01,-31.2,12.3,941.36,42.2,23.77,1.29
900,2022-10-14 19:55:01,-31.2,12.3,711.64,6.98,15.78,6.75
901,2022-10-14 20:00:01,-31.4,12.1,711.82,11.95,9.02,6.95
902,2022-10-14 20:05:01,-31.1,12.4,887.09,502.55,18.8,6.45
903,2022-10-14 20:10:02,-31.2,12.4,716.91,8.85,16.25,6.6
904,2022-10-14 20:15:01,-31.3,12.4,712.36,12.21,10.61,6.43
905,2022-10-14 20:20:01,-31.2,12.3,712.91,12.61,31.49,2.65
906,2022-10-14 20:25:01,-31.3,12.3,713.0,12.87,24.26,6.68
907,2022-10-14 20:30:02,-31.3,12.3,707.45,12.31,17.38,6.82
908,2022-10-14 20:35:01,-31.2,12.2,712.36,10.95,32.27,6.48
909,2022-10-14 20:40:01,-31.2,12.5,713.18,10.09,30.11,6.55
910,2022-10-14 20:45:01,-31.4,12.3,713.18,9.98,33.44,2.74
911,2022-10-14 20:50:01,-31.5,12.1,713.0,8.64,23.72,6.6
912,2022-10-14 20:55:01,-31.3,12.3,707.91,13.03,18.5,6.77
913,2022-10-14 21:00:01,-31.2,12.2,709.18,21.97,28.34,6.7
914,2022-10-14 21:05:01,-31.2,12.1,709.91,11.84,13.87,6.68
915,2022-10-14 21:10:02,-31.4,11.8,718.45,16.98,32.13,6.85
916,2022-10-14 21:15:01,-31.1,12.3,712.91,12.75,30.19,7.22
917,2022-10-14 21:20:01,-31.0,12.2,713.27,14.94,24.0,6.68
918,2022-10-14 21:25:01,-31.1,12.3,711.18,7.28,29.9,6.8
919,2022-10-14 21:30:01,-31.2,12.4,707.55,11.63,24.0,6.75
920,2022-10-14 21:35:01,-31.4,12.1,720.36,8.44,7.23,6.77
921,2022-10-14 21:40:02,-31.2,12.1,703.36,10.2,26.63,5.86
922,2022-10-14 21:45:01,-31.3,12.2,703.18,12.85,36.04,6.9
923,2022-10-14 21:50:01,-31.2,12.3,713.18,24.82,35.2,6.25
924,2022-10-14 21:55:01,-31.4,12.0,709.36,18.51,23.74,6.01
925,2022-10-14 22:00:01,-31.3,12.1,709.82,8.34,29.03,6.01
926,2022-10-14 22:05:01,-31.3,12.1,710.27,17.52,33.14,6.4
927,2022-10-14 22:10:02,-31.4,12.2,712.91,13.66,10.17,6.65
928,2022-10-14 22:15:01,-31.2,12.3,713.27,11.9,13.71,6.65
929,2022-10-14 22:20:01,-31.1,12.3,711.36,8.04,11.85,6.92
930,2022-10-14 22:25:01,-31.4,12.0,712.09,13.97,29.55,6.87
931,2022-10-14 22:30:01,-31.3,12.2,712.73,4.8,35.18,6.77
932,2022-10-14 22:35:01,-31.4,12.0,713.45,3.8,34.54,6.75
933,2022-10-14 22:40:01,-31.4,12.2,712.27,3.39,24.79,8.36
934,2022-10-14 22:45:01,-31.4,12.0,713.27,4.44,24.02,6.8
935,2022-10-14 22:50:01,-31.4,12.2,711.82,7.78,28.47,6.68
936,2022-10-14 22:55:01,-31.3,12.1,716.36,15.96,35.26,6.9
937,2022-10-14 23:00:01,-31.3,12.3,711.36,19.66,28.06,6.48
938,2022-10-14 23:05:01,-31.3,12.3,704.55,15.02,32.21,6.21
939,2022-10-14 23:10:02,-31.2,12.1,710.45,12.01,23.16,6.38
940,2022-10-14 23:15:01,-31.4,12.1,712.55,13.97,34.63,6.82
941,2022-10-14 23:20:01,-31.3,12.1,712.09,8.83,19.31,6.63
942,2022-10-14 23:25:01,-31.3,12.2,713.27,6.91,13.21,6.9
943,2022-10-14 23:30:01,-31.2,12.1,709.0,10.36,32.81,3.44
944,2022-10-14 23:35:01,-31.4,12.0,711.0,11.68,16.76,6.35
945,2022-10-14 23:40:01,-31.4,12.0,705.0,17.33,27.47,6.92
946,2022-10-14 23:45:01,-31.3,12.2,708.0,9.45,15.74,6.85
947,2022-10-14 23:50:01,-31.4,12.2,708.27,10.84,32.6,6.5
948,2022-10-14 23:55:01,-31.6,11.9,712.18,4.12,17.7,6.55
949,2022-10-15 00:00:01,-31.3,12.1,712.27,10.59,27.2,6.65
950,2022-10-15 00:05:01,-31.3,12.2,708.18,12.99,30.55,6.82
951,2022-10-15 00:10:01,-31.2,12.3,708.36,18.45,30.23,6.01
952,2022-10-15 00:15:01,-31.3,12.2,712.18,6.1,32.46,7.15
953,2022-10-15 00:20:01,-31.4,12.1,705.36,21.47,37.96,7.02
954,2022-10-15 00:25:01,-31.3,12.3,708.91,7.93,35.66,6.77
955,2022-10-15 00:30:02,-31.3,12.3,719.64,11.02,33.51,6.82
956,2022-10-15 00:35:01,-31.4,12.0,705.91,7.21,38.01,6.77
957,2022-10-15 00:40:01,-31.4,12.1,709.45,9.94,29.36,6.38
958,2022-10-15 00:45:01,-31.5,12.0,711.73,4.75,30.3,7.2
959,2022-10-15 00:50:01,-31.3,12.1,712.27,5.3,38.13,6.87
960,2022-10-15 00:55:01,-31.4,12.3,712.09,5.46,38.13,7.02
961,2022-10-15 01:00:01,-31.4,12.1,716.27,10.14,35.06,6.95
962,2022-10-15 01:05:01,-31.4,12.0,719.45,6.8,34.57,5.51
963,2022-10-15 01:10:01,-31.5,11.8,719.91,3.85,26.43,5.41
964,2022-10-15 01:15:01,-31.5,12.1,705.18,7.68,38.13,6.77
965,2022-10-15 01:20:01,-31.5,11.9,719.45,5.66,28.26,6.87
966,2022-10-15 01:25:01,-31.5,12.0,711.82,8.15,21.32,7.07
967,2022-10-15 01:30:01,-31.5,12.1,719.55,10.81,15.77,6.73
968,2022-10-15 01:35:01,-31.4,12.0,713.18,9.02,34.05,7.17
969,2022-10-15 01:40:01,-31.4,12.1,718.45,3.82,34.91,6.4
970,2022-10-15 01:45:01,-31.5,12.0,713.27,14.1,35.81,6.65
971,2022-10-15 01:50:01,-31.4,12.0,719.82,4.63,32.0,6.92
972,2022-10-15 01:55:01,-31.7,11.8,712.27,2.32,37.15,6.9
973,2022-10-15 02:00:01,-31.5,11.9,709.64,8.49,33.98,6.35
974,2022-10-15 02:05:01,-31.3,12.1,715.55,2.67,30.76,7.24
975,2022-10-15 02:10:01,-31.5,11.9,712.27,4.66,37.69,6.58
976,2022-10-15 02:15:01,-31.5,11.9,712.09,9.14,34.4,7.17
977,2022-10-15 02:20:01,-31.4,12.1,709.0,8.56,34.38,6.78
978,2022-10-15 02:25:01,-31.5,12.0,890.55,500.97,37.88,6.58
979,2022-10-15 02:30:01,-31.4,12.0,719.64,10.34,37.17,6.77
980,2022-10-15 02:35:01,-31.4,12.0,708.27,15.16,36.78,6.6
981,2022-10-15 02:40:01,-31.5,12.0,715.64,6.3,37.07,6.9
982,2022-10-15 02:45:01,-31.4,12.0,711.91,7.85,34.56,6.8
983,2022-10-15 02:50:02,-31.3,12.1,719.09,17.62,37.82,6.35
984,2022-10-15 02:55:01,-31.7,11.9,715.73,15.3,37.14,6.08
985,2022-10-15 03:00:01,-31.6,12.0,709.0,4.78,37.23,6.65
986,2022-10-15 03:05:01,-31.3,12.1,719.45,4.85,37.4,6.55
987,2022-10-15 03:10:01,-31.5,12.0,711.45,6.55,37.06,7.15
988,2022-10-15 03:15:01,-31.4,12.2,712.0,11.56,35.6,6.5
989,2022-10-15 03:20:01,-31.4,12.1,937.64,157.78,37.26,6.73
990,2022-10-15 03:25:01,-31.5,12.0,716.09,11.84,38.26,6.53
991,2022-10-15 03:30:01,-31.4,12.1,712.73,3.82,38.21,6.63
992,2022-10-15 03:35:01,-31.3,12.1,711.55,9.77,37.27,4.33
993,2022-10-15 03:40:01,-31.5,12.0,712.64,2.06,37.42,6.95
994,2022-10-15 03:45:01,-31.5,12.1,705.0,7.76,37.69,6.55
995,2022-10-15 03:50:01,-31.2,12.1,707.64,6.18,37.42,6.6
996,2022-10-15 03:55:01,-31.4,12.0,708.27,8.18,37.21,4.15
997,2022-10-15 04:00:01,-31.2,12.3,705.36,14.39,35.04,6.97
998,2022-10-15 04:05:01,-31.0,12.3,711.91,6.52,37.15,6.87
999,2022-10-15 04:10:01,-31.4,12.1,711.64,6.89,36.87,6.75
1000,2022-10-15 04:15:01,-31.1,12.3,715.36,7.44,37.37,7.14
1001,2022-10-15 04:20:01,-31.1,12.2,712.0,19.33,38.16,6.95
1002,2022-10-15 04:25:01,-31.3,12.2,712.36,4.32,37.11,6.73
1003,2022-10-15 04:30:02,-31.1,12.3,712.36,5.71,37.2,2.82
1004,2022-10-15 04:35:01,-31.2,12.3,711.82,7.16,38.18,6.65
1005,2022-10-15 04:40:01,-31.1,12.3,712.09,4.15,38.17,6.9
1006,2022-10-15 04:45:01,-31.1,12.2,712.0,4.06,37.29,4.65
1007,2022-10-15 04:50:01,-31.2,12.3,698.91,14.94,37.16,6.97
1008,2022-10-15 04:55:01,-31.3,12.1,712.27,6.44,37.33,6.21
1009,2022-10-15 05:00:01,-31.3,12.1,712.36,1.79,38.15,4.15
1010,2022-10-15 05:05:01,-31.0,12.3,711.82,3.68,37.24,6.5
1011,2022-10-15 05:10:02,-31.1,12.2,705.0,10.68,37.48,7.02
1012,2022-10-15 05:15:01,-31.1,12.3,712.45,4.43,37.1,6.68
1013,2022-10-15 05:20:01,-31.3,12.0,711.64,8.65,37.31,6.82
1014,2022-10-15 05:25:01,-31.2,12.3,712.27,6.47,38.24,6.6
1015,2022-10-15 05:30:01,-31.1,12.3,712.18,7.3,37.83,6.97
1016,2022-10-15 05:35:01,-31.4,12.0,709.64,10.73,38.26,6.78
1017,2022-10-15 05:40:01,-31.2,12.1,712.82,10.56,38.26,7.39
1018,2022-10-15 05:45:01,-31.0,12.2,720.09,3.02,37.71,4.03
1019,2022-10-15 05:50:01,-31.2,12.1,712.18,3.36,38.27,6.73
1020,2022-10-15 05:55:01,-31.2,12.1,709.45,10.7,38.3,3.83
1021,2022-10-15 06:00:01,-31.2,12.1,697.45,8.42,36.9,6.45
1022,2022-10-15 06:05:01,-31.2,12.2,704.91,6.35,37.34,6.82
1023,2022-10-15 06:10:01,-31.2,12.1,708.91,17.89,37.44,6.73
1024,2022-10-15 06:15:01,-31.0,12.3,711.27,4.68,37.16,6.75
1025,2022-10-15 06:20:01,-31.1,12.1,712.18,9.03,37.18,6.75
1026,2022-10-15 06:25:01,-31.1,12.2,705.36,14.93,37.18,6.82
1027,2022-10-15 06:30:01,-30.9,12.5,712.09,3.92,36.39,7.05
1028,2022-10-15 06:35:01,-31.2,12.3,712.91,5.0,30.59,7.02
1029,2022-10-15 06:40:01,-31.6,11.9,711.55,11.08,22.9,7.07
1030,2022-10-15 06:45:01,-31.3,12.1,719.18,7.06,30.3,6.58
1031,2022-10-15 06:50:01,-31.1,12.1,712.18,4.85,36.16,7.0
1032,2022-10-15 06:55:01,-31.3,12.3,716.27,1.79,37.99,6.65
1033,2022-10-15 07:00:01,-31.2,12.3,748.55,14.02,34.76,6.73
1034,2022-10-15 07:05:01,-31.1,12.3,712.45,3.48,36.57,6.95
1035,2022-10-15 07:10:01,-31.0,12.3,885.18,387.31,36.69,6.8
1036,2022-10-15 07:15:01,-30.8,12.6,712.45,7.07,36.78,6.77
1037,2022-10-15 07:20:01,-30.9,12.6,712.0,12.98,35.12,6.92
1038,2022-10-15 07:25:01,-30.9,12.6,711.91,3.82,18.04,6.53
1039,2022-10-15 07:30:02,-31.0,12.4,708.73,11.04,17.74,6.77
1040,2022-10-15 07:35:01,-30.9,12.3,711.27,16.04,22.32,6.8
1041,2022-10-15 07:40:01,-31.2,12.4,707.45,7.36,32.25,6.82
1042,2022-10-15 07:45:01,-30.8,12.6,717.82,13.73,36.87,4.03
1043,2022-10-15 07:50:01,-30.7,12.6,715.73,11.92,30.04,1.93
1044,2022-10-15 07:55:01,-30.9,12.6,705.55,8.54,35.24,6.92
1045,2022-10-15 08:00:01,-30.8,12.6,713.0,21.94,34.44,6.85
1046,2022-10-15 08:05:02,-30.8,12.6,709.91,6.53,32.64,6.6
1047,2022-10-15 08:10:01,-30.8,12.6,718.73,7.52,37.4,4.5
1048,2022-10-15 08:15:01,-30.9,12.5,708.09,13.87,37.31,6.9
1049,2022-10-15 08:20:01,-30.7,12.5,712.0,8.2,32.52,6.68
1050,2022-10-15 08:25:01,-30.8,12.3,718.36,3.04,12.18,4.03
1051,2022-10-15 08:30:01,-30.6,12.6,712.0,12.31,36.52,7.12
1052,2022-10-15 08:35:01,-30.7,12.5,722.73,9.62,35.69,6.4
1053,2022-10-15 08:40:01,-30.6,12.3,718.18,9.44,31.07,7.17
1054,2022-10-15 08:45:01,-30.6,12.3,738.36,89.75,34.0,4.38
1055,2022-10-15 08:50:01,-30.6,12.4,911.64,141.44,31.78,6.45
1056,2022-10-15 08:55:01,-30.8,12.3,863.64,145.37,12.61,6.87
1057,2022-10-15 09:00:01,-30.7,12.3,924.18,147.73,16.56,6.85
1058,2022-10-15 09:05:01,-30.5,12.7,719.55,7.53,33.26,6.33
1059,2022-10-15 09:10:01,-30.7,12.3,708.64,13.0,23.08,6.75
1060,2022-10-15 09:15:01,-30.5,12.5,718.73,12.85,26.61,6.43
1061,2022-10-15 09:20:01,-30.7,12.5,711.55,3.49,32.97,6.11
1062,2022-10-15 09:25:01,-30.5,12.4,719.09,11.8,26.18,6.6
1063,2022-10-15 09:30:01,-30.6,12.5,708.55,11.02,30.13,5.54
1064,2022-10-15 09:35:01,-30.7,12.3,713.0,3.18,19.6,7.52
1065,2022-10-15 09:40:01,-30.6,12.4,708.0,12.8,24.41,6.85
1066,2022-10-15 09:45:01,-30.6,12.5,717.0,6.4,32.47,6.75
1067,2022-10-15 09:50:01,-30.6,12.6,710.09,12.4,35.79,6.77
1068,2022-10-15 09:55:01,-30.6,12.9,717.36,12.39,21.55,2.18
1069,2022-10-15 10:00:01,-30.6,12.7,702.36,9.21,28.01,7.17
1070,2022-10-15 10:05:01,-30.6,12.6,697.82,15.41,23.62,6.6
1071,2022-10-15 10:10:01,-30.6,12.7,707.82,16.17,31.52,6.97
1072,2022-10-15 10:15:01,-30.7,12.8,716.0,8.03,30.04,6.28
1073,2022-10-15 10:20:02,-30.8,12.5,712.09,11.18,36.28,6.87
1074,2022-10-15 10:25:01,-30.8,12.6,712.18,3.3,25.24,7.34
1075,2022-10-15 10:30:02,-30.7,12.6,712.73,8.95,37.1,6.7
1076,2022-10-15 10:35:01,-30.8,12.4,719.55,12.85,33.58,6.9
1077,2022-10-15 10:40:01,-30.6,12.6,703.73,20.61,37.53,6.9
1078,2022-10-15 10:45:01,-30.6,12.8,698.45,16.83,38.02,6.92
1079,2022-10-15 10:50:01,-30.7,12.6,706.09,8.91,38.14,6.68
1080,2022-10-15 10:55:01,-30.7,12.5,705.64,13.57,37.49,7.0
1081,2022-10-15 11:00:01,-30.5,12.6,708.91,11.14,34.35,6.7
1082,2022-10-15 11:05:01,-30.7,12.5,713.45,12.28,31.99,4.28
1083,2022-10-15 11:10:02,-30.9,12.5,698.09,18.14,37.65,4.3
1084,2022-10-15 11:15:01,-30.7,12.5,698.18,18.88,37.84,6.53
1085,2022-10-15 11:20:01,-30.5,12.6,724.64,37.48,37.82,6.23
1086,2022-10-15 11:25:01,-30.8,12.6,704.09,11.18,37.02,6.82
1087,2022-10-15 11:30:01,-30.7,12.5,711.55,9.36,33.09,6.5
1088,2022-10-15 11:35:01,-30.7,12.6,705.27,13.31,33.9,7.1
1089,2022-10-15 11:40:01,-31.0,12.4,712.27,10.18,23.21,6.95
1090,2022-10-15 11:45:02,-30.6,12.5,715.82,29.2,37.84,6.95
1091,2022-10-15 11:50:01,-30.9,12.5,716.82,20.56,25.27,6.9
1092,2022-10-15 11:55:01,-30.4,12.8,709.36,15.92,36.45,6.77
1093,2022-10-15 12:00:01,-30.4,12.8,706.64,23.81,25.87,7.24
1094,2022-10-15 12:05:01,-30.4,11.0,707.55,10.26,31.21,6.92
1095,2022-10-15 12:10:02,-30.3,12.6,704.91,21.69,33.05,6.13
1096,2022-10-15 12:15:01,-30.3,12.6,704.18,17.77,37.31,6.43
1097,2022-10-15 12:20:01,-30.4,12.9,716.09,5.69,36.43,6.63
1098,2022-10-15 12:25:01,-30.4,12.8,709.64,12.55,30.65,2.62
1099,2022-10-15 12:30:01,-30.5,12.7,705.09,15.87,39.32,5.64
1100,2022-10-15 12:35:01,-30.4,12.8,701.18,12.61,38.14,6.7
1101,2022-10-15 12:40:01,-30.4,12.7,715.82,13.11,38.14,6.13
1102,2022-10-15 12:45:01,-30.4,12.8,705.09,14.24,38.16,6.48
1103,2022-10-15 12:50:01,-30.3,12.6,708.36,15.14,38.0,6.43
1104,2022-10-15 12:55:01,-30.1,12.7,708.64,6.07,36.06,6.63
1105,2022-10-15 13:00:01,-30.4,12.7,707.73,11.35,35.16,6.11
1106,2022-10-15 13:05:01,-30.3,12.7,703.55,13.47,37.02,6.63
1107,2022-10-15 13:10:02,-30.4,12.8,712.36,7.92,35.1,6.5
1108,2022-10-15 13:15:01,-30.4,12.6,712.09,7.81,37.5,7.17
1109,2022-10-15 13:20:01,-30.6,12.8,705.91,13.66,38.05,6.28
1110,2022-10-15 13:25:01,-30.7,12.6,701.82,15.82,37.51,6.85
1111,2022-10-15 13:30:01,-30.7,12.6,701.55,12.07,38.78,7.02
1112,2022-10-15 13:35:01,-30.6,12.7,704.64,13.35,38.8,7.49
1113,2022-10-15 13:40:01,-30.7,12.6,705.64,15.75,37.73,7.05
1114,2022-10-15 13:45:01,-30.4,12.8,709.82,15.14,34.03,6.82
1115,2022-10-15 13:50:02,-30.5,12.6,709.27,11.2,35.31,7.1
1116,2022-10-15 13:55:01,-30.6,12.6,711.91,17.56,34.72,7.0
1117,2022-10-15 14:00:01,-30.6,12.6,711.0,8.23,34.57,6.75
1118,2022-10-15 14:05:01,-30.6,12.7,719.91,19.53,34.02,7.07
1119,2022-10-15 14:10:01,-30.3,12.8,713.09,13.1,36.53,4.8
1120,2022-10-15 14:15:01,-31.0,12.8,707.91,9.69,27.46,5.89
1121,2022-10-15 14:20:01,-30.6,12.7,705.0,3.73,26.25,6.16
1122,2022-10-15 14:25:01,-30.6,12.9,700.91,9.64,37.84,6.53
1123,2022-10-15 14:30:01,-30.4,12.8,712.36,7.57,32.5,7.0
1124,2022-10-15 14:35:01,-30.6,12.4,708.64,6.18,28.97,7.15
1125,2022-10-15 14:40:01,-30.6,12.6,711.55,3.06,29.86,6.87
1126,2022-10-15 14:45:01,-30.6,12.8,711.73,9.89,26.94,6.73
1127,2022-10-15 14:50:02,-30.5,12.6,705.64,9.62,28.03,6.75
1128,2022-10-15 14:55:01,-30.4,12.4,712.09,4.31,37.98,6.43
1129,2022-10-15 15:00:01,-30.6,12.4,709.55,8.42,36.84,6.92
1130,2022-10-15 15:05:01,-30.7,12.6,713.0,8.27,27.96,6.97
1131,2022-10-15 15:10:01,-30.5,12.6,708.91,8.0,15.81,6.68
1132,2022-10-15 15:15:01,-30.8,12.6,712.91,4.34,19.08,7.05
1133,2022-10-15 15:20:01,-30.5,12.6,712.64,13.78,32.83,6.33
1134,2022-10-15 15:25:01,-30.5,12.8,709.18,11.09,32.59,6.63
1135,2022-10-15 15:30:02,-30.6,12.8,708.36,7.31,32.09,6.53
1136,2022-10-15 15:35:01,-30.4,12.8,708.64,3.13,35.25,7.07
1137,2022-10-15 15:40:01,-30.9,12.6,705.36,7.9,37.64,6.82
1138,2022-10-15 15:45:01,-30.7,12.5,708.82,13.78,36.96,6.73
1139,2022-10-15 15:50:02,-30.8,12.6,711.91,8.74,36.34,6.85
1140,2022-10-15 15:55:01,-30.8,12.6,707.36,7.99,37.51,6.87
1141,2022-10-15 16:00:01,-30.6,12.8,705.09,15.61,37.52,6.87
1142,2022-10-15 16:05:01,-30.9,12.5,708.91,16.01,38.16,3.41
1143,2022-10-15 16:10:01,-30.7,12.7,709.45,10.4,34.7,6.85
1144,2022-10-15 16:15:01,-30.9,12.5,712.18,10.66,25.92,6.55
1145,2022-10-15 16:20:01,-30.8,12.6,718.18,9.97,26.46,3.66
1146,2022-10-15 16:25:01,-30.7,12.8,705.36,9.3,35.87,6.38
1147,2022-10-15 16:30:02,-30.7,12.7,715.0,10.96,36.89,6.7
1148,2022-10-15 16:35:01,-30.6,12.8,718.09,8.19,38.19,8.11
1149,2022-10-15 16:40:01,-30.8,12.5,715.36,8.14,30.95,6.87
1150,2022-10-15 16:45:01,-30.8,12.9,712.45,6.26,36.41,6.45
1151,2022-10-15 16:50:01,-30.9,12.5,712.82,4.56,37.68,6.87
1152,2022-10-15 16:55:01,-31.0,12.3,708.27,14.58,37.83,6.77
1153,2022-10-15 17:00:01,-31.1,12.6,710.0,11.93,37.88,7.49
1154,2022-10-15 17:05:01,-31.0,12.6,707.73,8.43,38.05,7.1
1155,2022-10-15 17:10:01,-30.9,12.5,708.55,11.94,38.24,7.84
1156,2022-10-15 17:15:01,-30.9,12.8,701.09,14.01,38.0,6.7
1157,2022-10-15 17:20:01,-30.8,12.8,708.18,10.19,35.97,6.55
1158,2022-10-15 17:25:01,-30.8,12.6,713.09,10.6,38.12,6.65
1159,2022-10-15 17:30:01,-30.8,12.8,708.73,11.79,35.5,6.82
1160,2022-10-15 17:35:01,-31.1,12.6,715.45,10.64,36.92,6.68
1161,2022-10-15 17:40:01,-31.1,12.6,708.91,10.78,35.55,6.28
1162,2022-10-15 17:45:01,-31.0,12.6,701.45,17.03,37.74,6.87
1163,2022-10-15 17:50:01,-30.8,12.6,708.64,18.78,37.73,7.44
1164,2022-10-15 17:55:01,-31.0,12.6,705.18,9.23,21.39,6.7
1165,2022-10-15 18:00:01,-30.8,12.7,704.91,13.41,37.68,6.85
1166,2022-10-15 18:05:01,-30.8,12.8,713.18,7.88,36.95,5.12
1167,2022-10-15 18:10:02,-31.0,12.6,712.45,6.87,17.79,7.12
1168,2022-10-15 18:15:01,-31.0,12.6,709.36,14.8,25.59,1.78
1169,2022-10-15 18:20:01,-31.0,12.4,704.73,7.23,32.6,6.55
1170,2022-10-15 18:25:01,-31.0,12.6,709.45,7.62,21.6,6.4
1171,2022-10-15 18:30:02,-31.0,12.6,698.36,19.28,30.08,5.79
1172,2022-10-15 18:35:01,-31.0,12.8,703.91,10.37,30.71,6.82
1173,2022-10-15 18:40:01,-30.8,13.0,710.45,12.5,29.94,6.73
1174,2022-10-15 18:45:01,-31.0,12.6,700.55,15.1,32.22,7.24
1175,2022-10-15 18:50:01,-31.4,12.4,706.91,4.99,33.57,6.82
1176,2022-10-15 18:55:01,-31.2,12.8,698.0,14.24,32.18,6.92
1177,2022-10-15 19:00:01,-31.2,12.7,710.64,5.88,12.81,6.8
1178,2022-10-15 19:05:02,-31.1,12.8,713.36,6.66,27.65,6.95
1179,2022-10-15 19:10:01,-31.1,12.7,709.27,7.42,13.2,6.85
1180,2022-10-15 19:20:01,-31.0,12.7,712.91,6.55,9.84,7.05
1181,2022-10-15 19:25:01,-31.1,12.7,712.64,6.09,29.02,6.73
1182,2022-10-15 19:30:01,-31.1,12.6,712.09,8.78,24.42,7.27
1183,2022-10-15 19:35:01,-31.1,12.6,708.64,9.58,26.26,7.52
1184,2022-10-15 19:40:01,-31.2,12.6,712.55,13.49,14.41,6.55
1185,2022-10-15 19:50:01,-31.2,12.6,709.64,13.09,16.24,6.45
1186,2022-10-15 19:55:01,-31.1,12.8,708.0,14.44,22.27,6.28
1187,2022-10-15 20:00:01,-31.3,12.6,712.55,11.27,15.25,6.53
1188,2022-10-15 20:10:02,-31.3,12.5,709.73,20.94,20.85,7.0
1189,2022-10-15 20:15:01,-31.2,12.6,711.27,6.93,28.98,7.1
1190,2022-10-15 20:20:01,-31.3,12.3,711.73,2.93,28.05,6.87
1191,2022-10-15 20:25:01,-31.3,12.6,713.36,10.4,21.25,5.34
1192,2022-10-15 20:30:01,-31.1,12.5,705.64,16.04,19.03,6.75
1193,2022-10-15 20:35:01,-31.2,12.5,707.45,13.85,13.22,6.87
1194,2022-10-15 20:40:01,-31.1,12.5,708.0,9.78,6.88,6.97
1195,2022-10-15 20:45:01,-31.2,12.3,709.09,8.87,26.9,6.65
1196,2022-10-15 20:50:02,-31.4,12.3,706.0,16.81,19.39,6.85
1197,2022-10-15 20:55:01,-31.1,12.6,712.36,8.05,27.7,6.82
1198,2022-10-15 21:00:01,-31.2,12.3,708.73,12.06,13.5,6.95
1199,2022-10-15 21:05:01,-31.4,12.2,709.64,18.24,16.56,6.75
1200,2022-10-15 21:10:01,-31.4,12.4,712.45,8.14,23.58,6.8
1201,2022-10-15 21:15:01,-31.4,12.3,705.0,10.75,22.73,6.95
1202,2022-10-15 21:20:01,-31.3,12.4,695.18,26.19,26.26,6.77
1203,2022-10-15 21:25:01,-31.4,12.1,707.45,12.14,21.63,6.5
1204,2022-10-15 21:30:02,-31.2,12.3,712.82,1.97,25.9,6.9
1205,2022-10-15 21:35:01,-31.4,12.2,712.45,7.76,27.23,6.6
1206,2022-10-15 21:40:01,-31.5,12.1,712.0,10.04,21.49,6.58
1207,2022-10-15 21:45:01,-31.4,12.1,705.55,19.79,27.19,6.58
1208,2022-10-15 21:50:01,-31.4,12.2,712.18,9.45,31.24,7.29
1209,2022-10-15 21:55:01,-31.4,12.1,694.91,10.33,36.47,7.1
1210,2022-10-15 22:00:01,-31.4,12.0,709.36,9.67,18.45,7.05
1211,2022-10-15 22:05:01,-31.3,12.5,697.27,13.86,29.58,6.65
1212,2022-10-15 22:10:01,-31.3,12.3,708.91,19.92,30.18,6.63
1213,2022-10-15 22:15:01,-31.4,12.4,713.09,10.46,14.56,7.02
1214,2022-10-15 22:20:01,-31.4,12.3,704.36,21.73,29.32,7.34
1215,2022-10-15 22:25:01,-31.2,12.5,697.64,6.65,37.61,7.29
1216,2022-10-15 22:30:01,-31.3,12.5,700.82,16.65,37.04,7.27
1217,2022-10-15 22:35:01,-31.4,12.1,711.45,10.28,28.14,5.24
1218,2022-10-15 22:40:01,-31.3,12.5,704.18,17.33,36.16,6.87
1219,2022-10-15 22:45:01,-31.4,12.1,708.82,13.65,30.58,6.92
1220,2022-10-15 22:50:01,-31.3,12.2,712.36,18.44,37.06,5.88
1221,2022-10-15 22:55:01,-31.4,12.1,707.18,16.05,39.31,6.95
1222,2022-10-15 23:00:01,-31.4,12.0,711.91,16.64,31.9,7.1
1223,2022-10-15 23:05:01,-31.4,12.3,719.36,6.85,33.2,6.82
1224,2022-10-15 23:10:01,-31.3,12.2,715.82,8.47,31.64,6.92
1225,2022-10-15 23:15:01,-31.4,12.1,716.27,7.71,32.93,8.21
1226,2022-10-15 23:20:01,-31.3,11.9,712.36,6.79,36.9,6.77
1227,2022-10-15 23:25:01,-31.2,12.4,705.27,12.04,35.34,6.9
1228,2022-10-15 23:30:02,-31.1,12.3,705.18,9.46,34.05,6.4
1229,2022-10-15 23:35:01,-31.1,12.2,712.45,3.36,38.07,6.68
1230,2022-10-15 23:40:01,-31.2,12.2,719.18,8.08,37.74,7.02
1231,2022-10-15 23:45:01,-31.2,12.4,708.0,11.41,35.4,7.0
1232,2022-10-15 23:50:01,-31.4,12.1,712.64,1.5,38.09,6.77
1233,2022-10-15 23:55:01,-31.5,12.0,711.45,4.75,38.2,6.85
1234,2022-10-16 00:00:01,-31.5,11.9,702.09,11.23,38.28,7.0
1235,2022-10-16 00:05:01,-31.4,12.0,705.09,11.71,38.17,7.29
1236,2022-10-16 00:10:01,-31.5,12.1,705.73,10.72,38.25,6.65
1237,2022-10-16 00:15:01,-31.5,12.1,712.18,12.91,37.62,7.05
1238,2022-10-16 00:20:01,-31.2,12.2,705.27,6.17,38.15,6.97
1239,2022-10-16 00:25:01,-31.2,12.2,719.73,7.95,38.04,6.92
1240,2022-10-16 00:30:01,-31.3,12.4,690.64,24.6,37.52,6.95
1241,2022-10-16 00:35:01,-31.4,12.3,719.64,1.58,38.12,6.26
1242,2022-10-16 00:40:01,-31.4,12.1,711.73,3.34,38.13,6.73
1243,2022-10-16 00:45:01,-31.4,12.0,714.82,8.96,37.78,6.97
1244,2022-10-16 00:50:01,-31.4,12.1,708.64,4.75,37.35,6.92
1245,2022-10-16 00:55:01,-31.4,12.0,697.82,5.83,38.01,6.85
1246,2022-10-16 01:00:01,-31.2,12.1,707.64,11.46,38.36,6.92
1247,2022-10-16 01:05:01,-31.5,12.0,704.73,12.94,38.24,6.8
1248,2022-10-16 01:10:01,-31.6,11.9,708.91,12.06,37.82,6.87
1249,2022-10-16 01:15:01,-31.7,11.9,697.91,10.83,38.15,6.45
1250,2022-10-16 01:20:01,-31.7,11.9,693.91,23.02,37.97,7.2
1251,2022-10-16 01:25:01,-31.7,12.0,708.73,8.21,37.98,7.27
1252,2022-10-16 01:30:01,-31.8,11.9,912.09,95.64,37.87,6.75
1253,2022-10-16 01:35:01,-31.8,11.9,703.73,9.24,38.22,6.4
1254,2022-10-16 01:40:01,-31.7,11.9,690.45,15.81,38.15,6.7
1255,2022-10-16 01:45:01,-31.7,11.8,708.73,7.58,37.97,6.85
1256,2022-10-16 01:50:01,-31.7,12.0,697.82,11.18,38.11,6.68
1257,2022-10-16 01:55:01,-31.7,12.0,690.64,13.43,38.16,6.9
1258,2022-10-16 02:00:01,-31.8,11.9,697.64,13.5,38.07,6.95
1259,2022-10-16 02:05:02,-31.5,12.1,693.91,21.47,38.22,6.75
1260,2022-10-16 02:10:01,-31.6,12.0,712.0,2.62,38.11,7.07
1261,2022-10-16 02:15:01,-31.5,12.0,689.73,25.95,38.01,6.97
1262,2022-10-16 02:20:01,-31.9,11.8,706.27,14.92,38.36,6.92
1263,2022-10-16 02:25:01,-31.9,11.9,708.55,3.44,37.9,6.6
1264,2022-10-16 02:30:01,-31.3,12.0,704.91,13.39,38.17,7.05
1265,2022-10-16 02:35:01,-31.6,12.1,693.82,21.79,37.85,6.82
1266,2022-10-16 02:40:01,-31.4,12.2,705.55,10.92,38.07,7.02
1267,2022-10-16 02:45:01,-31.7,12.0,704.55,13.84,38.17,6.77
1268,2022-10-16 02:50:02,-31.9,11.7,686.64,13.71,37.41,7.22
1269,2022-10-16 02:55:01,-31.4,12.2,705.09,16.54,38.23,6.8
1270,2022-10-16 03:00:01,-31.4,12.1,702.36,19.14,38.13,5.79
1271,2022-10-16 03:05:01,-31.3,12.3,705.0,13.46,38.08,7.0
1272,2022-10-16 03:10:01,-31.3,12.0,701.18,20.65,38.06,6.8
1273,2022-10-16 03:15:01,-31.4,12.1,701.73,17.82,38.02,6.6
1274,2022-10-16 03:20:01,-31.3,12.3,704.09,7.6,38.01,7.05
1275,2022-10-16 03:25:01,-31.4,12.1,697.64,25.06,38.03,6.75
1276,2022-10-16 03:30:01,-31.2,12.4,700.45,12.95,38.07,6.7
1277,2022-10-16 03:35:01,-31.2,12.3,693.91,19.6,37.84,7.05
1278,2022-10-16 03:40:01,-31.4,12.2,697.73,26.69,37.92,6.95
1279,2022-10-16 03:45:01,-31.3,12.3,701.27,18.73,38.21,6.95
1280,2022-10-16 03:50:01,-31.4,12.2,697.73,21.62,37.9,7.0
1281,2022-10-16 03:55:02,-31.3,12.3,701.27,14.51,38.03,6.87
1282,2022-10-16 04:00:01,-31.2,12.3,697.55,16.93,37.97,6.8
1283,2022-10-16 04:05:01,-31.1,12.3,701.45,11.55,38.26,7.1
1284,2022-10-16 04:10:01,-31.2,12.4,690.55,12.37,36.57,6.55
1285,2022-10-16 04:15:01,-31.0,12.5,698.0,17.87,38.0,6.8
1286,2022-10-16 04:20:01,-31.1,12.3,712.45,10.0,38.15,6.95
1287,2022-10-16 04:25:01,-31.1,12.2,705.27,16.68,38.01,7.02
1288,2022-10-16 04:30:01,-31.3,12.2,701.45,20.49,38.2,6.63
1289,2022-10-16 04:35:01,-31.0,12.5,709.0,5.58,38.24,6.68
1290,2022-10-16 04:40:01,-31.2,12.3,708.55,12.48,38.11,7.1
1291,2022-10-16 04:45:01,-31.2,12.3,708.55,15.54,37.35,6.8
1292,2022-10-16 04:50:01,-31.1,12.5,704.91,5.64,38.17,7.05
1293,2022-10-16 04:55:01,-31.1,12.5,705.18,4.68,38.14,6.75
1294,2022-10-16 05:00:01,-30.9,12.4,709.36,6.32,38.2,6.85
1295,2022-10-16 05:05:01,-31.0,12.8,708.64,5.04,38.09,6.87
1296,2022-10-16 05:10:02,-31.0,12.3,708.55,1.72,38.12,6.82
1297,2022-10-16 05:15:01,-31.1,12.5,702.45,19.9,37.98,6.97
1298,2022-10-16 05:20:01,-30.9,12.7,705.0,8.81,38.25,6.85
1299,2022-10-16 05:25:01,-31.0,12.5,697.64,21.34,37.89,6.9
1300,2022-10-16 05:30:01,-31.1,12.3,708.09,10.65,38.06,6.95
1301,2022-10-16 05:35:01,-31.1,12.4,708.45,2.57,38.19,7.1
1302,2022-10-16 05:40:01,-31.0,12.5,704.82,14.92,38.04,6.9
1303,2022-10-16 05:45:01,-30.8,12.7,700.91,10.7,37.79,7.15
1304,2022-10-16 05:50:01,-30.9,12.4,705.09,15.19,37.79,6.7
1305,2022-10-16 05:55:01,-30.8,12.5,705.73,6.47,38.03,7.07
1306,2022-10-16 06:00:01,-31.0,12.4,708.45,18.64,38.12,6.38
1307,2022-10-16 06:05:01,-30.9,12.5,709.0,4.95,37.33,6.8
1308,2022-10-16 06:10:02,-31.0,12.4,704.91,5.49,38.28,7.1
1309,2022-10-16 06:15:01,-31.1,12.5,698.09,25.06,37.96,6.03
1310,2022-10-16 06:20:01,-31.1,12.4,702.27,15.78,36.33,6.5
1311,2022-10-16 06:25:01,-31.1,12.5,705.45,17.05,38.18,7.1
1312,2022-10-16 06:30:02,-31.0,12.5,700.91,11.72,37.88,6.8
1313,2022-10-16 06:35:01,-30.8,12.5,702.0,20.19,37.12,6.82
1314,2022-10-16 06:40:01,-31.0,12.6,715.73,13.75,37.38,6.92
1315,2022-10-16 06:45:01,-30.9,12.5,712.73,13.84,37.73,6.06
1316,2022-10-16 06:50:01,-30.9,12.5,709.91,17.74,38.17,6.95
1317,2022-10-16 06:55:01,-30.8,12.7,712.18,9.81,31.72,7.14
1318,2022-10-16 07:00:01,-30.9,12.6,703.91,17.97,30.09,5.51
1319,2022-10-16 07:05:01,-30.8,12.6,705.0,4.02,37.78,6.97
1320,2022-10-16 07:10:02,-30.9,12.6,708.55,12.05,37.89,7.1
1321,2022-10-16 07:15:01,-30.9,12.6,701.82,19.97,38.22,7.02
1322,2022-10-16 07:20:02,-30.9,12.5,711.91,23.28,37.55,6.28
1323,2022-10-16 07:25:01,-30.8,12.7,704.91,18.82,36.3,6.87
1324,2022-10-16 07:30:01,-30.6,12.8,719.64,4.16,36.36,7.44
1325,2022-10-16 07:35:01,-30.8,12.7,888.27,364.31,31.75,6.68
1326,2022-10-16 07:40:01,-31.0,12.7,716.09,8.84,37.88,6.82
1327,2022-10-16 07:45:01,-30.9,12.7,712.09,14.86,28.3,6.95
1328,2022-10-16 07:50:01,-30.9,13.0,867.91,416.49,33.28,6.55
1329,2022-10-16 07:55:01,-30.6,12.9,708.64,5.29,35.0,7.12
1330,2022-10-16 08:00:01,-30.8,12.7,719.55,3.72,25.16,6.8
1331,2022-10-16 08:05:01,-30.6,12.8,712.36,6.39,32.92,5.93
1332,2022-10-16 08:10:02,-30.8,12.6,711.91,2.54,28.97,7.17
1333,2022-10-16 08:15:01,-30.9,12.5,711.73,8.67,26.08,8.46
1334,2022-10-16 08:20:01,-30.6,12.9,711.91,8.66,34.81,7.0
1335,2022-10-16 08:25:01,-30.6,12.9,711.36,2.73,22.45,6.68
1336,2022-10-16 08:30:01,-30.6,12.8,706.18,6.85,33.54,6.16
1337,2022-10-16 08:35:01,-30.7,12.5,711.09,4.05,34.59,6.87
1338,2022-10-16 08:40:01,-30.5,12.7,719.45,7.17,31.96,7.71
1339,2022-10-16 08:45:01,-30.5,12.6,709.09,9.65,21.16,7.27
1340,2022-10-16 08:50:02,-30.5,12.8,719.45,8.54,30.97,6.97
1341,2022-10-16 08:55:01,-30.4,12.6,708.45,14.98,35.18,6.7
1342,2022-10-16 09:00:01,-30.4,12.5,701.55,14.4,38.15,6.77
1343,2022-10-16 09:05:01,-30.5,12.6,719.0,4.46,37.64,6.21
1344,2022-10-16 09:10:01,-30.3,12.6,708.55,17.64,35.83,6.9
1345,2022-10-16 09:15:01,-30.4,12.8,704.36,17.03,33.63,6.48
1346,2022-10-16 09:20:01,-30.2,12.6,709.27,16.82,27.38,7.0
1347,2022-10-16 09:25:01,-30.5,12.7,707.91,11.02,28.19,6.7
1348,2022-10-16 09:30:02,-30.5,12.7,709.55,10.86,24.46,7.39
1349,2022-10-16 09:35:01,-30.5,12.8,713.18,11.84,27.9,7.0
1350,2022-10-16 09:40:01,-30.4,12.6,712.36,18.5,30.52,6.82
1351,2022-10-16 09:45:01,-30.4,12.8,713.27,6.51,34.26,6.75
1352,2022-10-16 09:50:01,-30.6,12.6,712.27,4.78,19.82,7.07
1353,2022-10-16 09:55:01,-30.6,12.3,708.64,4.45,35.58,6.58
1354,2022-10-16 10:00:01,-30.5,12.7,701.18,15.82,34.77,7.0
1355,2022-10-16 10:05:01,-30.5,12.5,700.18,12.43,37.87,7.19
1356,2022-10-16 10:10:01,-30.5,12.8,702.0,16.38,37.91,6.16
1357,2022-10-16 10:15:01,-30.4,12.7,712.0,5.64,38.18,7.1
1358,2022-10-16 10:20:01,-30.5,12.7,708.91,5.5,35.6,6.65
1359,2022-10-16 10:25:01,-30.2,12.8,702.09,15.3,31.46,6.95
1360,2022-10-16 10:30:01,-30.3,12.8,703.82,11.12,32.28,7.1
1361,2022-10-16 10:35:01,-30.2,12.9,707.27,11.41,31.28,6.87
1362,2022-10-16 10:40:01,-30.4,12.7,712.0,8.52,13.59,6.8
1363,2022-10-16 10:45:01,-30.4,12.7,712.27,10.04,36.06,6.82
1364,2022-10-16 10:50:02,-30.4,12.8,705.0,18.13,36.14,6.55
1365,2022-10-16 10:55:01,-30.4,12.8,707.73,15.88,35.53,6.48
1366,2022-10-16 11:00:01,-30.5,12.5,705.64,10.78,38.12,6.92
1367,2022-10-16 11:05:01,-30.6,12.5,710.18,7.25,37.08,6.77
1368,2022-10-16 11:10:01,-30.5,12.7,705.91,10.12,38.07,6.58
1369,2022-10-16 11:15:01,-30.5,12.5,705.18,12.71,36.67,6.73
1370,2022-10-16 11:20:01,-30.4,12.6,712.27,5.35,38.09,6.85
1371,2022-10-16 11:25:01,-30.5,12.6,707.18,14.3,38.19,6.7
1372,2022-10-16 11:30:01,-30.4,12.6,705.82,15.38,38.19,6.97
1373,2022-10-16 11:35:01,-30.2,12.9,712.27,5.99,32.96,6.85
1374,2022-10-16 11:40:01,-30.2,12.6,705.64,7.13,38.08,5.91
1375,2022-10-16 11:45:01,-30.2,12.6,704.73,6.63,38.18,7.1
1376,2022-10-16 11:50:02,-30.2,12.6,701.64,23.36,37.88,6.45
1377,2022-10-16 11:55:01,-30.2,12.5,706.09,12.82,38.13,6.97
1378,2022-10-16 12:00:01,-30.2,12.8,980.55,36.7,37.82,1.51
1379,2022-10-16 12:05:01,-30.2,12.0,708.36,5.97,22.84,1.41
1380,2022-10-16 12:10:02,-30.2,12.7,700.73,16.05,35.73,0.91
1381,2022-10-16 12:15:01,-30.3,12.5,686.82,14.43,36.97,1.56
1382,2022-10-16 12:20:01,-30.2,12.8,701.55,8.9,37.93,6.28
1383,2022-10-16 12:25:01,-30.1,13.1,705.36,11.44,36.3,6.85
1384,2022-10-16 12:30:01,-30.2,12.8,708.45,16.16,38.08,6.58
1385,2022-10-16 12:35:01,-30.2,12.9,708.0,15.69,37.81,6.48
1386,2022-10-16 12:40:01,-30.4,12.7,705.0,6.69,37.97,6.7
1387,2022-10-16 12:45:01,-30.4,12.7,705.45,11.68,38.0,6.4
1388,2022-10-16 12:50:02,-30.2,12.9,704.0,10.88,38.09,4.45
1389,2022-10-16 12:55:01,-30.1,13.0,701.36,14.84,37.89,6.35
1390,2022-10-16 13:00:01,-30.2,12.8,694.36,12.64,37.79,6.73
1391,2022-10-16 13:05:01,-30.0,12.9,704.18,11.74,38.12,6.77
1392,2022-10-16 13:10:01,-29.9,12.9,704.91,13.9,38.08,6.5
1393,2022-10-16 13:15:01,-30.2,12.8,700.45,7.96,38.18,6.82
1394,2022-10-16 13:20:01,-30.4,12.8,717.27,4.71,35.28,6.5
1395,2022-10-16 13:25:01,-29.9,13.1,694.91,11.91,38.67,7.02
1396,2022-10-16 13:30:01,-29.9,12.9,705.82,11.81,37.98,7.02
1397,2022-10-16 13:35:01,-30.0,12.9,700.18,14.37,37.98,7.0
1398,2022-10-16 13:40:01,-30.0,13.0,708.45,4.92,37.21,4.85
1399,2022-10-16 13:45:01,-29.9,13.1,697.45,12.79,37.3,6.31
1400,2022-10-16 13:50:01,-29.9,13.1,708.91,10.64,38.22,6.26
1401,2022-10-16 13:55:01,-30.1,12.8,914.82,150.07,35.66,5.41
1402,2022-10-16 14:00:02,-30.1,13.1,703.64,7.36,34.98,6.63
1403,2022-10-16 14:05:01,-29.9,13.0,704.91,2.89,37.67,6.7
1404,2022-10-16 14:10:02,-30.0,13.0,707.09,12.39,37.3,6.55
1405,2022-10-16 14:15:01,-30.0,12.9,707.64,9.74,38.13,6.73
1406,2022-10-16 14:20:01,-30.1,12.8,701.55,17.75,33.38,5.56
1407,2022-10-16 14:25:01,-30.1,13.0,713.18,9.21,18.58,6.8
1408,2022-10-16 14:30:01,-30.4,12.6,711.27,21.93,25.06,6.73
1409,2022-10-16 14:35:01,-30.1,13.0,713.09,7.02,5.99,6.75
1410,2022-10-16 14:40:01,-30.3,12.7,708.09,9.26,26.77,6.65
1411,2022-10-16 14:45:01,-30.0,13.0,709.27,9.61,28.13,7.07
1412,2022-10-16 14:50:01,-30.2,12.9,715.91,2.75,10.01,6.43
1413,2022-10-16 14:55:01,-30.4,12.8,705.27,12.17,36.58,6.38
1414,2022-10-16 15:00:01,-30.7,12.9,711.18,4.08,12.96,6.38
1415,2022-10-16 15:05:01,-30.6,12.8,718.91,10.23,24.3,6.7
1416,2022-10-16 15:10:01,-30.4,12.8,711.91,4.3,20.07,6.68
1417,2022-10-16 15:15:01,-30.4,12.9,719.27,6.76,25.03,6.55
1418,2022-10-16 15:20:01,-30.2,12.8,702.27,11.37,39.04,7.1
1419,2022-10-16 15:25:01,-30.5,12.6,722.55,15.62,31.89,6.45
1420,2022-10-16 15:30:02,-30.5,12.8,708.64,9.09,28.97,6.7
1421,2022-10-16 15:35:01,-30.6,12.8,704.18,12.54,37.74,5.96
1422,2022-10-16 15:40:01,-30.6,12.8,708.91,3.73,37.89,7.02
1423,2022-10-16 15:45:01,-30.4,12.8,714.82,9.55,37.85,6.73
1424,2022-10-16 15:50:01,-30.5,12.8,705.0,12.1,38.23,7.15
1425,2022-10-16 15:55:01,-30.5,12.8,718.82,8.32,33.95,7.15
1426,2022-10-16 16:00:01,-30.5,12.7,704.91,7.5,38.28,6.67
1427,2022-10-16 16:05:01,-30.6,12.7,709.09,5.57,37.38,6.9
1428,2022-10-16 16:10:02,-30.9,12.5,706.91,12.66,37.75,6.92
1429,2022-10-16 16:15:01,-30.6,12.8,708.45,10.75,38.25,5.44
1430,2022-10-16 16:20:01,-30.7,12.6,712.36,6.76,24.55,2.67
1431,2022-10-16 16:25:01,-30.9,12.5,719.73,9.77,31.15,5.91
1432,2022-10-16 16:30:01,-30.9,12.5,706.0,15.2,30.31,6.58
1433,2022-10-16 16:35:01,-30.9,12.5,708.55,7.86,35.23,6.48
1434,2022-10-16 16:40:01,-31.0,12.4,711.91,9.47,37.49,6.77
1435,2022-10-16 16:45:01,-31.0,12.4,701.36,14.43,35.95,7.0
1436,2022-10-16 16:50:01,-31.1,12.5,709.36,13.35,32.31,6.38
1437,2022-10-16 16:55:01,-31.1,12.6,700.0,17.09,33.36,6.85
1438,2022-10-16 17:00:01,-31.2,12.3,705.0,12.4,34.04,6.63
1439,2022-10-16 17:05:02,-31.1,12.3,708.73,5.49,31.42,8.63
1440,2022-10-16 17:10:01,-31.2,12.3,719.36,20.63,31.39,6.85
1441,2022-10-16 17:15:02,-31.1,12.2,712.73,5.7,32.29,6.92
1442,2022-10-16 17:20:01,-31.3,12.1,714.64,4.65,26.52,6.65
1443,2022-10-16 17:25:01,-31.3,12.2,709.09,11.66,13.89,7.24
1444,2022-10-16 17:30:01,-31.1,12.5,712.27,9.26,32.68,7.12
1445,2022-10-16 17:35:01,-31.2,12.3,713.64,19.35,30.22,7.49
1446,2022-10-16 17:40:01,-31.6,12.0,711.91,3.89,26.89,8.58
1447,2022-10-16 17:45:01,-31.5,12.2,707.27,10.74,21.66,6.65
1448,2022-10-16 17:50:01,-31.4,12.1,704.82,9.03,14.14,6.58
1449,2022-10-16 17:55:01,-31.4,12.0,708.64,24.35,34.69,6.43
1450,2022-10-16 18:00:01,-31.2,12.3,712.18,4.89,32.42,5.66
1451,2022-10-16 18:05:01,-31.7,11.6,712.55,2.14,23.08,6.9
1452,2022-10-16 18:10:02,-31.9,11.9,707.82,5.33,18.28,6.75
1453,2022-10-16 18:15:01,-31.8,11.8,712.36,4.21,24.51,6.87
1454,2022-10-16 18:20:01,-31.6,12.1,714.36,14.67,29.15,6.92
1455,2022-10-16 18:25:01,-31.4,12.3,707.82,8.74,28.91,6.9
1456,2022-10-16 18:30:01,-31.4,12.3,703.55,14.2,15.61,6.77
1457,2022-10-16 18:35:01,-31.9,12.0,708.64,4.24,27.8,6.77
1458,2022-10-16 18:40:01,-31.6,12.2,712.0,8.78,28.06,4.47
1459,2022-10-16 18:45:01,-31.6,12.4,709.55,17.22,34.72,5.14
1460,2022-10-16 18:50:02,-31.4,12.3,712.36,5.98,22.99,6.63
1461,2022-10-16 18:55:01,-31.7,12.0,711.27,10.54,10.92,4.1
1462,2022-10-16 19:00:01,-31.7,12.0,712.36,10.79,25.48,6.65
1463,2022-10-16 19:05:01,-32.4,11.9,706.91,7.36,23.79,6.77
1464,2022-10-16 19:10:01,-32.0,12.0,712.18,8.79,18.82,7.0
1465,2022-10-16 19:15:01,-31.9,12.0,730.55,20.17,15.23,7.12
1466,2022-10-16 19:20:02,-31.9,12.3,705.91,10.75,19.98,6.33
1467,2022-10-16 19:25:01,-32.4,11.8,708.36,11.79,19.21,6.65
1468,2022-10-16 19:30:02,-33.0,11.3,716.18,6.61,26.72,6.77
1469,2022-10-16 19:35:01,-32.2,11.9,712.0,2.35,18.93,7.39
1470,2022-10-16 19:40:01,-32.3,11.9,712.64,6.73,27.69,7.1
1471,2022-10-16 19:45:01,-32.3,11.8,705.64,6.91,14.64,6.82
1472,2022-10-16 19:50:01,-31.6,12.1,720.09,6.68,14.07,7.0
1473,2022-10-16 19:55:01,-32.0,12.0,712.18,8.14,12.29,6.85
1474,2022-10-16 20:05:01,-31.4,12.0,705.09,17.36,9.06,7.02
1475,2022-10-16 20:10:02,-31.5,12.0,733.45,31.11,13.39,6.87
1476,2022-10-16 20:20:01,-31.8,12.1,712.36,5.82,11.7,6.82
1477,2022-10-16 20:25:01,-33.0,11.3,712.27,3.28,11.44,6.95
1478,2022-10-16 20:30:01,-33.4,10.8,701.55,15.0,23.64,2.1
1479,2022-10-16 20:35:01,-32.4,11.5,712.27,8.88,12.23,6.43
1480,2022-10-16 20:40:01,-31.6,11.9,712.27,16.59,8.25,6.6
1481,2022-10-16 20:45:01,-31.9,11.9,708.55,7.35,30.69,7.02
1482,2022-10-16 20:50:02,-32.3,11.6,711.91,13.76,22.59,5.29
1483,2022-10-16 20:55:01,-32.4,11.2,711.91,13.36,19.32,6.58
1484,2022-10-16 21:00:01,-32.8,11.2,723.27,10.14,8.1,6.97
1485,2022-10-16 21:05:01,-33.7,10.8,712.45,7.1,23.93,6.68
1486,2022-10-16 21:10:01,-33.8,10.6,705.91,21.34,14.52,3.61
1487,2022-10-16 21:15:01,-33.8,10.3,708.0,18.99,23.03,1.36
1488,2022-10-16 21:20:01,-33.5,10.9,708.0,12.16,11.16,4.9
1489,2022-10-16 21:25:01,-33.0,11.0,702.36,15.58,10.59,4.82
1490,2022-10-16 21:30:01,-32.9,11.1,712.45,3.41,10.32,6.23
1491,2022-10-16 21:35:01,-32.2,11.5,709.64,12.13,10.24,6.35
1492,2022-10-16 21:40:01,-32.2,11.5,712.27,8.51,14.35,6.35
1493,2022-10-16 21:45:01,-33.2,10.8,711.36,9.63,16.68,5.86
1494,2022-10-16 21:50:02,-32.0,11.7,713.45,9.98,35.24,6.85
1495,2022-10-16 21:55:01,-32.4,11.5,712.45,12.35,14.62,7.05
1496,2022-10-16 22:00:01,-32.4,11.5,712.27,2.68,13.96,6.7
1497,2022-10-16 22:05:02,-32.5,11.5,712.18,8.55,21.71,6.65
1498,2022-10-16 22:10:01,-32.0,11.5,712.91,7.92,28.64,1.46
1499,2022-10-16 22:15:01,-32.3,11.5,710.0,5.17,22.93,6.78
1500,2022-10-16 22:20:01,-32.3,11.5,713.91,11.73,31.89,7.02
1501,2022-10-16 22:25:01,-32.4,11.6,715.55,2.43,32.63,7.02
1502,2022-10-16 22:30:01,-32.0,11.8,712.45,5.55,22.46,6.06
1503,2022-10-16 22:35:01,-32.0,11.8,736.0,48.42,34.59,6.95
1504,2022-10-16 22:40:01,-32.1,11.5,711.73,1.79,36.65,6.28
1505,2022-10-16 22:45:01,-31.7,11.9,717.18,4.7,29.44,6.63
1506,2022-10-16 22:50:01,-31.8,11.8,711.27,5.95,32.96,6.87
1507,2022-10-16 22:55:01,-31.8,11.7,710.27,6.23,19.23,6.77
1508,2022-10-16 23:00:01,-32.6,11.3,719.73,4.22,32.18,8.48
1509,2022-10-16 23:05:01,-31.4,12.0,712.64,10.6,30.67,6.7
1510,2022-10-16 23:10:01,-31.4,12.0,715.36,10.33,36.42,6.45
1511,2022-10-16 23:15:01,-31.4,11.8,712.09,3.67,35.0,7.29
1512,2022-10-16 23:20:01,-31.7,11.5,719.36,12.91,38.12,6.77
1513,2022-10-16 23:25:01,-32.0,11.8,712.64,11.94,36.03,7.12
1514,2022-10-16 23:30:01,-31.7,11.9,720.73,8.05,30.68,6.87
1515,2022-10-16 23:35:01,-31.3,11.9,712.45,5.4,37.06,6.9
1516,2022-10-16 23:40:01,-31.2,12.1,719.09,4.36,37.5,6.9
1517,2022-10-16 23:45:01,-31.4,11.8,719.27,3.71,37.48,6.78
1518,2022-10-16 23:50:01,-31.4,11.7,720.0,13.02,31.94,6.6
1519,2022-10-16 23:55:01,-32.3,11.4,705.91,8.86,37.6,6.87
1520,2022-10-17 00:00:01,-31.8,11.3,708.73,8.49,37.49,5.32
1521,2022-10-17 00:05:01,-32.1,11.4,707.73,6.57,35.61,1.11
1522,2022-10-17 00:10:02,-32.4,11.2,704.55,19.13,38.11,7.19
1523,2022-10-17 00:15:01,-32.8,11.0,708.36,15.17,38.0,7.02
1524,2022-10-17 00:20:01,-32.4,11.1,712.36,3.47,32.32,6.7
1525,2022-10-17 00:25:01,-32.0,11.5,704.82,12.76,38.02,6.65
1526,2022-10-17 00:30:01,-31.4,11.9,730.36,8.9,37.62,7.02
1527,2022-10-17 00:35:01,-31.8,11.6,711.64,2.78,38.19,7.0
1528,2022-10-17 00:40:01,-31.4,11.8,712.36,5.66,38.0,6.77
1529,2022-10-17 00:45:01,-31.7,11.8,712.27,7.11,38.11,7.29
1530,2022-10-17 00:50:02,-31.7,11.5,705.73,17.93,38.24,6.55
1531,2022-10-17 00:55:01,-31.6,11.6,712.18,3.22,38.16,6.6
1532,2022-10-17 01:00:01,-31.6,11.6,709.82,7.13,38.23,6.65
1533,2022-10-17 01:05:01,-31.6,11.6,711.82,6.94,37.82,6.92
1534,2022-10-17 01:10:01,-31.3,11.9,712.18,4.18,37.82,6.63
1535,2022-10-17 01:15:01,-31.6,11.5,712.09,4.84,38.0,6.65
1536,2022-10-17 01:20:01,-31.5,11.7,711.73,11.91,37.9,6.97
1537,2022-10-17 01:25:01,-31.9,11.5,708.82,2.63,37.98,6.85
1538,2022-10-17 01:30:01,-31.4,11.8,708.09,16.39,37.91,6.31
1539,2022-10-17 01:35:01,-31.3,11.7,708.64,7.52,37.96,6.95
1540,2022-10-17 01:40:01,-31.6,11.6,715.55,2.33,36.68,6.85
1541,2022-10-17 01:45:01,-31.3,11.9,712.91,7.61,31.58,6.92
1542,2022-10-17 01:50:01,-31.4,11.9,712.27,3.41,38.16,6.72
1543,2022-10-17 01:55:01,-31.6,11.9,712.36,2.64,37.96,6.85
1544,2022-10-17 02:00:01,-31.2,12.1,705.55,3.01,38.18,3.21
1545,2022-10-17 02:05:01,-31.5,11.8,719.36,4.22,37.74,7.19
1546,2022-10-17 02:10:01,-31.3,11.9,708.45,10.85,38.12,6.65
1547,2022-10-17 02:15:01,-31.3,11.9,701.36,18.24,38.22,6.68
1548,2022-10-17 02:20:01,-31.6,11.8,712.27,4.7,37.85,6.7
1549,2022-10-17 02:25:01,-31.4,11.8,708.55,5.38,35.84,7.1
1550,2022-10-17 02:30:01,-31.3,11.8,704.82,4.78,38.18,6.11
1551,2022-10-17 02:35:01,-31.4,11.9,712.64,3.87,37.94,6.7
1552,2022-10-17 02:40:01,-31.5,11.8,726.55,7.85,37.79,7.12
1553,2022-10-17 02:45:01,-31.6,11.8,705.09,12.75,38.03,6.53
1554,2022-10-17 02:50:01,-31.5,11.8,712.27,2.84,38.2,7.19
1555,2022-10-17 02:55:01,-31.5,12.0,708.73,3.6,38.03,6.9
1556,2022-10-17 03:00:01,-31.3,12.0,705.27,8.28,38.18,6.87
1557,2022-10-17 03:05:01,-31.4,12.0,708.64,1.54,38.15,6.45
1558,2022-10-17 03:10:01,-31.4,11.9,712.55,1.39,38.08,6.75
1559,2022-10-17 03:15:01,-31.4,12.0,712.0,2.79,37.96,6.7
1560,2022-10-17 03:20:01,-31.4,12.1,701.0,8.91,37.89,6.7
1561,2022-10-17 03:25:01,-31.5,11.8,708.73,14.84,38.08,6.75
1562,2022-10-17 03:30:02,-31.4,12.0,708.09,16.28,38.1,6.87
1563,2022-10-17 03:35:01,-31.4,11.9,708.91,10.78,38.24,7.1
1564,2022-10-17 03:40:01,-31.5,11.9,712.36,2.04,38.19,7.0
1565,2022-10-17 03:45:01,-31.2,12.1,708.45,5.48,38.3,6.7
1566,2022-10-17 03:50:01,-31.4,11.9,708.45,5.79,38.24,6.53
1567,2022-10-17 03:55:01,-31.5,11.9,697.82,14.35,38.0,6.6
1568,2022-10-17 04:00:01,-31.4,11.8,712.09,7.58,38.19,6.82
1569,2022-10-17 04:05:01,-31.5,12.1,701.09,19.99,38.26,6.92
1570,2022-10-17 04:10:01,-31.0,12.1,712.27,2.02,37.83,6.82
1571,2022-10-17 04:15:01,-31.1,12.0,702.45,14.66,38.07,6.8
1572,2022-10-17 04:20:01,-31.3,11.9,712.09,1.51,38.08,6.63
1573,2022-10-17 04:25:01,-31.4,11.9,700.55,12.09,38.21,7.15
1574,2022-10-17 04:30:01,-31.3,12.0,708.55,2.11,37.97,6.77
1575,2022-10-17 04:35:01,-31.2,12.1,708.73,10.83,38.15,7.15
1576,2022-10-17 04:40:01,-31.3,12.1,708.55,5.13,38.27,6.9
1577,2022-10-17 04:45:01,-31.1,12.1,708.82,4.12,38.2,7.05
1578,2022-10-17 04:50:02,-31.3,11.8,712.27,4.15,37.89,6.75
1579,2022-10-17 04:55:01,-31.3,12.0,697.64,9.32,38.07,6.55
1580,2022-10-17 05:00:01,-31.1,12.2,707.64,22.13,38.2,6.73
1581,2022-10-17 05:05:01,-31.2,12.1,704.91,16.55,38.13,6.95
1582,2022-10-17 05:10:01,-31.3,12.0,712.36,2.38,37.42,6.55
1583,2022-10-17 05:15:01,-31.2,11.9,705.36,8.14,38.13,6.8
1584,2022-10-17 05:20:01,-31.3,12.0,701.36,16.34,38.24,6.82
1585,2022-10-17 05:25:01,-31.5,12.0,704.91,9.17,38.04,7.05
1586,2022-10-17 05:30:02,-31.3,12.1,705.0,11.11,38.09,6.8
1587,2022-10-17 05:35:01,-31.2,12.0,708.55,7.11,38.27,6.97
1588,2022-10-17 05:40:01,-31.1,12.3,704.82,16.93,38.2,6.53
1589,2022-10-17 05:45:01,-31.0,12.1,709.45,5.78,38.25,6.68
1590,2022-10-17 05:50:02,-30.9,12.4,712.09,2.56,35.44,6.97
1591,2022-10-17 05:55:01,-31.2,12.1,712.27,4.0,36.17,6.82
1592,2022-10-17 06:00:01,-31.1,12.1,690.27,14.35,37.9,6.82
1593,2022-10-17 06:05:01,-30.9,12.6,708.64,10.84,38.24,6.92
1594,2022-10-17 06:10:02,-31.1,12.3,705.55,11.89,38.12,6.55
1595,2022-10-17 06:15:01,-31.3,12.0,700.73,15.45,38.07,6.9
1596,2022-10-17 06:20:01,-31.1,12.2,704.0,18.81,37.43,6.58
1597,2022-10-17 06:25:01,-31.1,12.3,708.27,13.67,29.42,5.96
1598,2022-10-17 06:30:02,-31.0,12.3,708.82,14.29,36.24,6.53
1599,2022-10-17 06:35:01,-31.2,12.1,712.09,8.13,26.33,6.82
1600,2022-10-17 06:40:01,-31.0,12.2,704.91,11.86,25.82,6.97
1601,2022-10-17 06:45:01,-30.9,12.4,716.09,11.41,36.91,7.0
1602,2022-10-17 06:50:01,-30.9,12.3,709.27,8.03,30.47,6.8
1603,2022-10-17 06:55:01,-30.9,12.5,708.55,13.42,36.71,7.0
1604,2022-10-17 07:00:01,-30.7,12.5,708.55,15.16,38.19,6.92
1605,2022-10-17 07:05:01,-30.9,12.2,719.36,1.47,38.14,6.85
1606,2022-10-17 07:10:01,-30.8,12.6,712.82,2.88,24.84,6.95
1607,2022-10-17 07:15:01,-30.7,12.5,718.73,4.1,35.72,7.22
1608,2022-10-17 07:20:02,-30.9,12.3,692.82,9.03,29.19,6.92
1609,2022-10-17 07:25:01,-30.9,12.4,723.18,14.01,32.33,7.1
1610,2022-10-17 07:30:01,-30.9,12.4,704.27,9.44,37.45,6.77
1611,2022-10-17 07:35:01,-30.7,12.3,715.82,8.03,34.76,6.9
1612,2022-10-17 07:40:01,-31.0,12.3,708.55,9.98,38.11,6.92
1613,2022-10-17 07:45:01,-30.9,12.5,714.82,7.44,37.64,7.02
1614,2022-10-17 07:50:01,-30.8,12.5,702.91,11.27,25.83,6.45
1615,2022-10-17 07:55:01,-30.9,12.4,741.45,45.23,36.87,6.97
1616,2022-10-17 08:00:02,-30.9,12.3,708.0,7.13,35.48,6.68
1617,2022-10-17 08:05:01,-30.8,12.8,712.82,12.18,32.91,6.85
1618,2022-10-17 08:10:01,-30.8,12.5,713.73,14.85,33.43,6.87
1619,2022-10-17 08:15:01,-30.7,12.5,712.36,14.49,36.65,7.32
