name,datetime,temp,feelslike,dew,humidity,precip,precipprob,preciptype,snow,snowdepth,windgust,windspeed,winddir,sealevelpressure,cloudcover,visibility,solarradiation,solarenergy,uvindex,severerisk,conditions,icon,stations
oxford,2022-10-11T00:00:00,4.8,3.5,2.2,83.22,0,0,,0,0,16.6,5.8,220,1027.2,0,12.7,,,,,Clear,clear-night,"03680099999,03647099999,03660099999,03649099999,03658099999,03740099999"
oxford,2022-10-11T01:00:00,4,4,2.3,88.66,0,0,,0,0,14.8,4.5,348,1027.5,0,12.7,,,,,Clear,clear-night,"03680099999,03647099999,03660099999,03649099999,03658099999,03740099999"
oxford,2022-10-11T02:00:00,3.8,2.6,2.2,88.98,0,0,,0,0,14.8,5.3,246,1027.7,1.8,13,,,,,Clear,clear-night,"03680099999,03647099999,03660099999,03649099999,03658099999,03740099999"
oxford,2022-10-11T03:00:00,3.9,3.9,2.3,89.73,0,0,,0,0,14.8,4.3,341,1027.6,0.4,12.8,,,,,Clear,clear-night,"03680099999,03647099999,03660099999,03649099999,03658099999,03740099999"
oxford,2022-10-11T04:00:00,3.3,2,1.8,89.83,0,0,,0,0,14.8,5.6,350,1027.3,14.3,13,,,,,Clear,clear-night,"03680099999,03647099999,03660099999,03649099999,03658099999,03740099999"
oxford,2022-10-11T05:00:00,2.8,2.8,1.5,91.04,0,0,,0,0,11.2,4.5,338,1027.2,5.6,13,,,,,Clear,clear-night,"03680099999,03647099999,03660099999,03649099999,03658099999,03740099999"
oxford,2022-10-11T06:00:00,1.8,1.8,0.6,91.69,0,0,,0,0,11.2,3.7,244,1027.6,0,13.4,,,,,Clear,clear-night,"03680099999,03647099999,03660099999,03649099999,03658099999,03740099999"
oxford,2022-10-11T07:00:00,2.2,2.2,1,91.83,0,0,,0,0,11.2,4.5,11,1027.8,11.3,13.7,5,0,0,,Clear,clear-night,"03680099999,03647099999,03660099999,E4320,03649099999,03658099999,03740099999"
oxford,2022-10-11T08:00:00,2.2,0.8,0.7,89.92,0,0,,0,0,9.4,5.2,6,1028,11.3,13.7,27,0.1,0,,Clear,clear-day,"03680099999,03647099999,E7521,03660099999,03649099999,03658099999,03740099999"
oxford,2022-10-11T09:00:00,5,5,3.8,91.45,0,0,,0,0,1.8,2.6,227,1028,0,14.3,88,0.3,1,,Clear,clear-day,"03680099999,03647099999,E7521,03660099999,03649099999,03658099999,03740099999"
oxford,2022-10-11T10:00:00,9.3,9.3,5.5,77.24,0,0,,0,0,5.4,2.3,203,1028,11.3,14.4,138,0.5,1,,Clear,clear-day,"03680099999,03647099999,E7521,03660099999,03649099999,03658099999,03740099999"
oxford,2022-10-11T11:00:00,11.6,11.6,6.2,69.19,0,0,,0,0,7.6,4.1,233,1028.1,25.2,14.1,196,0.7,2,,Partially cloudy,partly-cloudy-day,"03680099999,03647099999,E7521,03660099999,03649099999,03658099999,03740099999"
oxford,2022-10-11T12:00:00,13.3,13.3,5.6,59.67,0,0,,0,0,11.2,4.2,254,1027.7,25.2,14.7,396,1.4,4,,Partially cloudy,partly-cloudy-day,"03680099999,03647099999,E7521,03660099999,03649099999,03658099999,03740099999"
oxford,2022-10-11T13:00:00,14.6,14.6,5.3,53.64,0,0,,0,0,16.6,6.9,186,1027.4,30.4,15.6,424,1.5,4,,Partially cloudy,partly-cloudy-day,"03680099999,03647099999,E7521,03660099999,03649099999,03658099999,03740099999"
oxford,2022-10-11T14:00:00,14.8,14.8,4.9,51.53,0,0,,0,0,16.6,6.9,200,1026.9,40,17.3,391,1.4,4,,Partially cloudy,partly-cloudy-day,"03680099999,03647099999,E7521,03660099999,03649099999,03658099999,03740099999"
oxford,2022-10-11T15:00:00,14.3,14.3,4.5,51.89,0,0,,0,0,20.5,6,149,1026.3,41.5,16.3,272,1,3,,Partially cloudy,partly-cloudy-day,"03680099999,03647099999,E7521,03660099999,03649099999,03658099999,03740099999"
oxford,2022-10-11T16:00:00,14.7,14.7,4.6,50.7,0,0,,0,0,14.8,4.9,162,1025.7,45.2,17.2,180,0.6,2,,Partially cloudy,partly-cloudy-day,"03680099999,03647099999,E7521,03660099999,03649099999,03658099999,03740099999"
oxford,2022-10-11T17:00:00,14.3,14.3,4.5,52.08,0,0,,0,0,11.2,3.7,227,1025.4,25.1,15,56,0.2,1,,Partially cloudy,partly-cloudy-day,"03680099999,03647099999,E7521,03660099999,03649099999,03658099999,03740099999"
oxford,2022-10-11T18:00:00,12.5,12.5,4.1,56.4,0,0,,0,0,5.4,3.6,210,1025.4,13.9,16.5,8,0,0,,Clear,clear-day,"03680099999,03647099999,E7521,03660099999,03649099999,03658099999,03740099999"
oxford,2022-10-11T19:00:00,8.8,8.4,4,71.85,0,0,,0,0,5.4,5,142,1025.2,0,16.4,3,0,0,,Clear,clear-night,"03680099999,03647099999,E7521,03660099999,03649099999,03658099999,03740099999"
oxford,2022-10-11T20:00:00,8.1,8.1,4.3,77.06,0,0,,0,0,5.4,4.1,148,1025.2,0,16.5,,,,,Clear,clear-night,"03680099999,03647099999,03660099999,03649099999,03658099999,03740099999"
oxford,2022-10-11T21:00:00,6.7,6.7,3.6,80.33,0,0,,0,0,5.4,1.6,180,1025.1,0,16.4,,,,,Clear,clear-night,"03680099999,03647099999,03660099999,03649099999,03658099999,03740099999"
oxford,2022-10-11T22:00:00,6.1,6.1,3.2,82.14,0,0,,0,0,7.6,3.2,227,1024.9,0,15.1,,,,,Clear,clear-night,"03680099999,03647099999,03660099999,03649099999,03658099999,03740099999"
oxford,2022-10-11T23:00:00,5.2,5.2,3,85.43,0,0,,0,0,9.4,3.5,221,1024.9,5.8,14.6,,,,,Clear,clear-night,"03680099999,03647099999,03660099999,03649099999,03658099999,03740099999"
oxford,2022-10-12T00:00:00,4.9,4.9,3.3,89.53,0,0,,0,0,9.4,4.6,134,1024.6,1.4,15.1,,,,,Clear,clear-night,"03680099999,03647099999,03660099999,03649099999,03658099999,03740099999"
oxford,2022-10-12T01:00:00,4.8,4.8,3.4,90.66,0,0,,0,0,9.4,4.7,228,1024.3,26.8,13.5,,,,,Partially cloudy,partly-cloudy-night,"03680099999,03647099999,03660099999,03649099999,03658099999,03740099999"
oxford,2022-10-12T02:00:00,4.9,4.9,3.6,91.48,0,0,,0,0,14.8,3.9,199,1024.2,28.9,13,,,,,Partially cloudy,partly-cloudy-night,"03680099999,03647099999,03660099999,03649099999,03658099999,03740099999"
oxford,2022-10-12T03:00:00,4.5,4.5,3,90,0,0,,0,0,13,4.7,156,1023.6,60.8,13.2,,,,,Partially cloudy,partly-cloudy-night,"03680099999,03647099999,03660099999,03649099999,03658099999,03740099999"
oxford,2022-10-12T04:00:00,5.6,5.6,4.8,94.65,0,0,,0,0,9.4,4,139,1022.9,91,12.5,,,,,Overcast,cloudy,"03680099999,03647099999,03660099999,03649099999,03658099999,03740099999"
oxford,2022-10-12T05:00:00,5.7,4.6,4.7,93.2,0,0,,0,0,7.6,6.1,3,1022.3,68.6,10.3,,,,,Partially cloudy,partly-cloudy-night,"03680099999,03647099999,03660099999,03649099999,03658099999,03740099999"
oxford,2022-10-12T06:00:00,6.1,6.1,5,92.96,0,0,,0,0,11.2,4.5,146,1022.1,93.6,10.3,,,,,Overcast,cloudy,"03680099999,03647099999,03660099999,03649099999,03658099999,03740099999"
oxford,2022-10-12T07:00:00,6.3,5.2,5.5,94.44,0,0,,0,0,13,6.3,132,1021.9,54.8,13.1,,,,,Partially cloudy,partly-cloudy-night,"03680099999,03647099999,03660099999,03649099999,03658099999,03740099999"
oxford,2022-10-12T08:00:00,7.1,6.3,5.9,92.11,0,0,,0,0,16.6,5.7,163,1021.8,89.9,12.9,10,0,0,,Partially cloudy,partly-cloudy-day,"03680099999,03647099999,E7521,03660099999,03649099999,03658099999,03740099999"
oxford,2022-10-12T09:00:00,8.4,7.6,6.8,89.65,0,0,,0,0,25.9,5.8,158,1021.4,38.5,14.8,77,0.3,1,,Partially cloudy,partly-cloudy-day,"03680099999,03647099999,E7521,03660099999,03649099999,03658099999,03740099999"
oxford,2022-10-12T10:00:00,11.3,11.3,8.3,81.78,0.06,100,rain,0,0,25.9,11.7,179,1021.1,24.5,15,164,0.6,2,,"Rain, Partially cloudy",rain,"03680099999,03647099999,E7521,03660099999,03649099999,03658099999,03740099999"
oxford,2022-10-12T11:00:00,12.2,12.2,8.5,78,0,0,,0,0,20.5,10.5,202,1021.2,82.1,13.8,187,0.7,2,,Partially cloudy,partly-cloudy-day,"03680099999,03647099999,E7521,03660099999,03649099999,03658099999,03740099999"
oxford,2022-10-12T12:00:00,14.5,14.5,9.4,71.15,0,0,,0,0,33.5,14.1,194,1020.2,34.3,15,415,1.5,4,,Partially cloudy,partly-cloudy-day,"03680099999,03647099999,E7521,03660099999,03649099999,03658099999,03740099999"
oxford,2022-10-12T13:00:00,15.4,15.4,9.1,65.85,0,0,,0,0,38.9,18.4,209,1019.9,67.5,15.2,422,1.5,4,,Partially cloudy,partly-cloudy-day,"03680099999,03647099999,E7521,03660099999,03649099999,03658099999,03740099999"
oxford,2022-10-12T14:00:00,15.3,15.3,9.2,66.86,0,0,,0,0,29.5,15.4,208,1019.1,92.6,14.2,146,0.5,1,,Overcast,cloudy,"03680099999,03647099999,E7521,03761099999,03649099999,03658099999,03740099999"
oxford,2022-10-12T15:00:00,15.7,15.7,8.7,63.11,0,0,,0,0,31.7,15.6,223,1018.7,88.4,15,111,0.4,1,,Partially cloudy,partly-cloudy-day,"03680099999,03647099999,E7521,03761099999,03649099999,03658099999,03740099999"
oxford,2022-10-12T16:00:00,15.7,15.7,9.5,66.7,0,0,,0,0,24.1,12.5,217,1018.3,88.4,15,95,0.3,1,,Partially cloudy,partly-cloudy-day,"03680099999,03647099999,E7521,03761099999,03649099999,03658099999,03740099999"
oxford,2022-10-12T17:00:00,15.5,15.5,9.5,67.44,0.01,100,rain,0,0,24.1,12.5,215,1017.8,92.6,15,38,0.1,0,,"Rain, Overcast",rain,"03680099999,03647099999,E7521,03761099999,03649099999,03658099999,03740099999"
oxford,2022-10-12T18:00:00,14.7,14.7,9.6,71.26,0,0,,0,0,24.1,10.5,198,1017.5,92.6,15,3,0,0,,Overcast,cloudy,"03680099999,03647099999,E7521,03761099999,03649099999,03658099999,03740099999"
oxford,2022-10-12T19:00:00,14.6,14.6,9.6,72.07,0,0,,0,0,27.7,14.7,212,1017.5,88.8,15,,,,,Partially cloudy,partly-cloudy-night,"03680099999,03647099999,03761099999,03649099999,03658099999,03740099999"
oxford,2022-10-12T20:00:00,13.8,13.8,9.9,77.44,0,0,,0,0,27.7,12.6,205,1017.7,95.6,10.2,,,,,Overcast,cloudy,"03680099999,03647099999,03761099999,03649099999,03658099999,03740099999"
oxford,2022-10-12T21:00:00,13.6,13.6,11.1,84.66,0,0,,0,0,24.1,11.5,211,1017.6,96,11,,,,,Overcast,cloudy,"03680099999,03647099999,03761099999,03649099999,03658099999,03740099999"
oxford,2022-10-12T22:00:00,13.6,13.6,11.6,87.54,0,0,,0,0,18.4,10.1,220,1017.7,93,10.7,,,,,Overcast,cloudy,"03680099999,03647099999,03761099999,03649099999,03658099999,03740099999"
oxford,2022-10-12T23:00:00,13.1,13.1,11.5,90.09,0,0,,0,0,9.4,8.8,208,1017.5,88.8,9.3,,,,,Partially cloudy,partly-cloudy-night,"03680099999,03647099999,03761099999,03649099999,03658099999,03740099999"
oxford,2022-10-13T00:00:00,12.8,12.8,12,94.81,0,0,,0,0,16.6,7,233,1017.8,92.6,8.9,,,,,Overcast,cloudy,"03680099999,03647099999,03761099999,03649099999,03658099999,03740099999"
oxford,2022-10-13T01:00:00,12.3,12.3,11.9,97.43,0.12,100,rain,0,0,9.4,5.8,223,1017.6,96,9.3,,,,,"Rain, Overcast",rain,"03680099999,03647099999,03761099999,03649099999,03658099999,03740099999"
oxford,2022-10-13T02:00:00,12.7,12.7,11.9,94.97,0.12,100,rain,0,0,11.2,5.4,219,1017.4,88.8,7.7,,,,,"Rain, Partially cloudy",rain,"03680099999,03647099999,03761099999,03649099999,03658099999,03740099999"
oxford,2022-10-13T03:00:00,12,12,11.9,99.34,0.12,100,rain,0,0,18.4,6.2,237,1017.1,92.6,6.2,,,,,"Rain, Overcast",rain,"03680099999,03647099999,03761099999,03649099999,03658099999,03740099999"
oxford,2022-10-13T04:00:00,11.8,11.8,11.4,97.4,0.03,100,rain,0,0,13,4,236,1016.7,60.8,7.7,,,,,"Rain, Partially cloudy",rain,"03680099999,03647099999,03761099999,03649099999,03658099999,03740099999"
oxford,2022-10-13T05:00:00,11.2,11.2,10.4,94.87,0.02,100,rain,0,0,9.4,3.9,6,1016.4,93.4,3.6,,,,,"Rain, Overcast",rain,"03680099999,03647099999,03761099999,03649099999,03658099999,03740099999"
oxford,2022-10-13T06:00:00,10.2,10.2,10.2,99.78,0.01,100,rain,0,0,7.6,1.1,238,1016,80,3,,,,,"Rain, Partially cloudy",rain,"03680099999,03647099999,03761099999,03649099999,03658099999,03740099999"
oxford,2022-10-13T07:00:00,9.2,8.9,8.8,97.33,0.89,100,rain,0,0,5.4,5.1,244,1016.4,64.7,3.6,,,,,"Rain, Partially cloudy",rain,"03680099999,03647099999,03761099999,03649099999,03658099999,03740099999"
oxford,2022-10-13T08:00:00,9.4,9.4,8.7,95,0,0,,0,0,5.4,3.5,24,1016.1,66.6,1.9,15,0.1,0,,Partially cloudy,partly-cloudy-day,"03680099999,03647099999,E7521,03761099999,03649099999,03658099999,03740099999"
oxford,2022-10-13T09:00:00,10.6,10.6,10.3,97.97,0,0,,0,0,5.4,4.5,322,1016.1,51.8,0.4,53,0.2,1,,Partially cloudy,fog,"03680099999,03647099999,E7521,03761099999,03649099999,03658099999,03740099999"
oxford,2022-10-13T10:00:00,11.2,11.2,11.1,99.42,0.83,100,rain,0,0,9.4,4.5,354,1016.1,89.1,5,124,0.4,1,,"Rain, Partially cloudy",rain,"03680099999,03647099999,E7521,03761099999,03649099999,03658099999,03740099999"
oxford,2022-10-13T11:00:00,11.9,11.9,11.4,96.28,0,0,,0,0,5.4,4.1,2,1016.4,91.5,5.5,81,0.3,1,,Overcast,cloudy,"03680099999,03647099999,E7521,03761099999,03649099999,03658099999,03740099999"
oxford,2022-10-13T12:00:00,12.7,12.7,11.4,91.8,0,0,,0,0,5.4,4.4,339,1016.3,63.6,9.8,344,1.2,3,,Partially cloudy,partly-cloudy-day,"03680099999,03647099999,E7521,03761099999,03649099999,03658099999,03740099999"
oxford,2022-10-13T13:00:00,13.6,13.6,11.2,85.17,0,0,,0,0,7.6,7.3,254,1015.9,62,12.8,198,0.7,2,,Partially cloudy,partly-cloudy-day,"03680099999,03647099999,E7521,03761099999,03649099999,03658099999,03740099999"
oxford,2022-10-13T14:00:00,14.7,14.7,10.2,74.36,0,0,,0,0,5.4,5.9,230,1015.4,62,13.3,140,0.5,1,,Partially cloudy,partly-cloudy-day,"03680099999,03647099999,E7521,03761099999,03649099999,03658099999,03740099999"
oxford,2022-10-13T15:00:00,14.6,14.6,10.5,76.18,0,0,,0,0,3.6,5.9,275,1015,48,14.2,139,0.5,1,,Partially cloudy,partly-cloudy-day,"03680099999,03647099999,E7521,03761099999,03649099999,03658099999,03740099999"
oxford,2022-10-13T16:00:00,15.2,15.2,9.9,70.52,0,0,,0,0,11.2,6.6,310,1014.6,23.6,15,133,0.5,1,,Partially cloudy,partly-cloudy-day,"03680099999,03647099999,E7521,03761099999,03649099999,03658099999,03740099999"
oxford,2022-10-13T17:00:00,14.5,14.5,9.9,73.61,0,0,,0,0,7.6,7,260,1014.6,39.7,15,35,0.1,0,,Partially cloudy,partly-cloudy-day,"03680099999,03647099999,E7521,03761099999,03649099999,03658099999,03740099999"
oxford,2022-10-13T18:00:00,12.8,12.8,9.8,82.11,0,0,,0,0,7.6,4,246,1014.7,68.5,12.7,4,0,0,,Partially cloudy,partly-cloudy-day,"03680099999,03647099999,E7521,03761099999,03649099999,03658099999,03740099999"
oxford,2022-10-13T19:00:00,10.6,10.6,8.6,87.64,0,0,,0,0,7.6,3.4,159,1015,3.6,11.3,1,0,0,,Clear,clear-night,"03680099999,03647099999,E7521,03761099999,03649099999,03658099999,03740099999"
oxford,2022-10-13T20:00:00,10.1,10.1,9.2,93.75,0,0,,0,0,11.2,5.5,348,1015.1,2,11.5,,,,,Clear,clear-night,"03680099999,03647099999,03761099999,03649099999,03658099999,03740099999"
oxford,2022-10-13T21:00:00,9.2,9.2,8.2,93.35,0,0,,0,0,7.6,2.5,168,1014.9,7.7,11.2,,,,,Clear,clear-night,"03680099999,03647099999,03761099999,03649099999,03658099999,03740099999"
oxford,2022-10-13T22:00:00,8.8,8.8,8.2,95.87,0,0,,0,0,13,2.9,208,1014.6,43,10.7,,,,,Partially cloudy,partly-cloudy-night,"03680099999,03647099999,03761099999,03649099999,03658099999,03740099999"
oxford,2022-10-13T23:00:00,8.1,8.1,7.7,97.09,0,0,,0,0,6.8,2.5,22,1014,88.5,8.1,,,,,Partially cloudy,partly-cloudy-night,"EGWU,EGVN,EGVO,EGVA,EGUB"
oxford,2022-10-14T00:00:00,8.9,8.9,8.1,94.25,0,0,,0,0,8.3,1.2,283,1014,93.8,7.8,,,,,Overcast,cloudy,"EGWU,EGVN,EGVO,EGVA,EGUB"
oxford,2022-10-14T01:00:00,8.9,8.9,8.5,97.11,0,0,,0,0,7.9,3.6,210.7,1013.5,95.8,6.5,,,,,Overcast,cloudy,"EGWU,EGVN,EGVO,EGVA,EGUB"
oxford,2022-10-14T02:00:00,9.4,9.4,8.5,94.26,0,0,,0,0,6.8,2.5,22,1012.9,98.5,8.1,,,,,Overcast,cloudy,"EGWU,EGVN,EGVO,EGVA,EGUB"
oxford,2022-10-14T03:00:00,9.1,9.1,8.7,97.28,0,0,,0,0,14.8,4.4,174,1012.9,93,6.8,,,,,Overcast,cloudy,"03680099999,03647099999,03761099999,03649099999,03658099999,03740099999"
oxford,2022-10-14T04:00:00,9.2,8.4,8.4,94.43,0,0,,0,0,18.4,6.8,150,1012.3,93,6.6,,,,,Overcast,cloudy,"03680099999,03647099999,03761099999,03649099999,03658099999,03740099999"
oxford,2022-10-14T05:00:00,9.7,8.6,9.6,99.49,0,0,,0,0,24.1,8.4,181,1011.4,93,7.3,,,,,Overcast,cloudy,"03680099999,03647099999,03761099999,03649099999,03658099999,03740099999"
oxford,2022-10-14T06:00:00,10.1,10.1,9.3,94.67,0,0,,0,0,13,6.8,267,1011,93,7.1,,,,,Overcast,cloudy,"03680099999,03647099999,03761099999,03649099999,03658099999,03740099999"
oxford,2022-10-14T07:00:00,10.1,10.1,9.4,94.91,0,0,,0,0,16.6,7.5,175,1010.4,51.5,6.8,,,,,Partially cloudy,partly-cloudy-night,"03680099999,03647099999,03761099999,03649099999,03658099999,03740099999"
oxford,2022-10-14T08:00:00,10.3,10.3,9.8,96.71,0,0,,0,0,14.8,8.6,192,1010.3,88.4,7.3,7,0,0,,Partially cloudy,partly-cloudy-day,"03680099999,03647099999,E7521,03761099999,03649099999,03658099999,03740099999"
oxford,2022-10-14T09:00:00,11.2,11.2,10.7,96.71,0,0,,0,0,16.6,7.6,195,1010.3,95.6,7.1,32,0.1,0,,Overcast,cloudy,"03680099999,03647099999,E7521,03761099999,03649099999,03658099999,03740099999"
oxford,2022-10-14T10:00:00,12.4,12.4,11.2,92.09,0,0,,0,0,16.6,8.5,191,1010.5,91.5,7.9,49,0.2,0,,Overcast,cloudy,"03680099999,03647099999,E7521,03761099999,03649099999,03658099999,03740099999"
oxford,2022-10-14T11:00:00,12.9,12.9,12,94.19,0,0,,0,0,14.8,8.9,206,1010,91.5,9.7,50,0.2,1,,Overcast,cloudy,"03680099999,03647099999,E7521,03761099999,03649099999,03658099999,03740099999"
oxford,2022-10-14T12:00:00,13.3,13.3,11.9,91.47,0.06,100,rain,0,0,16.6,10,218,1009.9,91.5,8.7,68,0.2,1,,"Rain, Overcast",rain,"03680099999,03647099999,E7521,03761099999,03649099999,03658099999,03740099999"
oxford,2022-10-14T13:00:00,13.4,13.4,12.1,91.99,0.21,100,rain,0,0,7.6,10.4,229,1009.4,91,11.5,85,0.3,1,,"Rain, Overcast",rain,"03680099999,03647099999,E7521,03761099999,03649099999,03658099999,03740099999"
oxford,2022-10-14T14:00:00,13.6,13.6,12.1,90.87,0,0,,0,0,20.5,9.2,239,1008.7,93,12.6,183,0.7,2,,Overcast,cloudy,"03680099999,03647099999,E7521,03761099999,03649099999,03658099999,03740099999"
oxford,2022-10-14T15:00:00,14.4,14.4,12,85.54,0,0,,0,0,24.1,9.1,216,1008,74.6,16.7,177,0.6,2,,Partially cloudy,partly-cloudy-day,"03680099999,03647099999,E7521,03761099999,03649099999,03658099999,03740099999"
oxford,2022-10-14T16:00:00,14.3,14.3,12,85.88,0.02,100,rain,0,0,22.3,10.5,230,1007.8,86.1,15.9,136,0.5,1,,"Rain, Partially cloudy",rain,"03680099999,03647099999,E7521,03761099999,03649099999,03658099999,03740099999"
oxford,2022-10-14T17:00:00,14.3,14.3,11.5,83.18,0.01,100,rain,0,0,24.1,9.7,228,1007.3,51.9,15.9,53,0.2,1,,"Rain, Partially cloudy",rain,"03680099999,03647099999,E7521,03761099999,03649099999,03658099999,03740099999"
oxford,2022-10-14T18:00:00,13.3,13.3,11,86,0,0,,0,0,20.5,9.4,216,1007.1,39.3,15,5,0,0,,Partially cloudy,partly-cloudy-day,"03680099999,03647099999,E7521,03761099999,03649099999,03658099999,03740099999"
oxford,2022-10-14T19:00:00,11.8,11.8,10.4,91.42,0.83,100,rain,0,0,13,8,205,1007.5,29.2,14.2,1,0,0,,"Rain, Partially cloudy",rain,"03680099999,03647099999,E7521,03761099999,03649099999,03658099999,03740099999"
oxford,2022-10-14T20:00:00,10.8,10.8,9.6,92.16,0,0,,0,0,14.8,9.1,196,1007.5,0,12.8,,,,,Clear,clear-night,"03680099999,03647099999,03761099999,03649099999,03658099999,03740099999"
oxford,2022-10-14T21:00:00,10.2,10.2,9.4,94.37,0,0,,0,0,14.8,9.1,199,1007.5,2,10,,,,,Clear,clear-night,"03680099999,03647099999,03761099999,03649099999,03658099999,03740099999"
oxford,2022-10-14T22:00:00,9.7,9.2,8.9,94.76,0,0,,0,0,14.8,5.9,204,1007,0,6.8,,,,,Clear,clear-night,"03680099999,03647099999,03761099999,03649099999,03658099999,03740099999"
oxford,2022-10-14T23:00:00,9.9,9.9,9.5,97.41,0,0,,0,0,13,4.4,216,1006,0,8.8,,,,,Clear,clear-night,"EGWU,EGVN,EGVO,EGVA,EGUB"
oxford,2022-10-15T00:00:00,9.4,8.4,9.2,98.83,0,0,,0,0,11.9,7.8,24,1005.9,57.5,3.7,,,,,Partially cloudy,partly-cloudy-night,"EGWU,EGVN,EGVA,EGUB"
oxford,2022-10-15T01:00:00,8.9,8.9,8.5,97.39,0,0,,0,0,12.6,7.2,170.7,1005,68.3,3.4,,,,,Partially cloudy,partly-cloudy-night,"EGWU,EGVN,EGVO,EGVA,EGUB"
oxford,2022-10-15T02:00:00,8.2,7.1,8.1,99.7,0,0,,0,0,14.8,7.1,120,1004,60.5,4.7,,,,,Partially cloudy,partly-cloudy-night,"EGWU,EGVN,EGVO,EGVA,EGUB"
oxford,2022-10-15T03:00:00,9.4,9,9.4,99.71,0,0,,0,0,16.6,5.3,116,1003,95.8,6,,,,,Overcast,cloudy,"EGWU,EGVN,EGVO,EGVA,EGUB"
oxford,2022-10-15T04:00:00,10.4,10.4,10,97.43,0,0,,0,0,17.6,9.3,185.1,1002.5,95.3,7.1,,,,,Overcast,cloudy,"EGWU,EGVN,EGVO,EGVA,EGUB"
oxford,2022-10-15T05:00:00,11.2,11.2,10.8,96.92,0,0,,0,0,23,12.6,186,1002,89.5,9.4,,,,,Partially cloudy,partly-cloudy-night,"EGWU,EGVN,EGVO,EGVA,EGUB"
oxford,2022-10-15T06:00:00,11.3,11.3,10.8,96.64,0.2,100,rain,0,0,24.8,17.7,191,1001.4,90,7.9,,,,,"Rain, Partially cloudy",rain,"EGWU,EGVN,EGVO,EGVA,EGUB"
oxford,2022-10-15T07:00:00,11.9,11.9,10.9,93.93,0.1,100,rain,0,0,28.1,15.3,214,1001,89.6,10,,,,,"Rain, Partially cloudy",rain,"EGWU,EGTK,EGVN,EGVO,EGVA,EGUB"
oxford,2022-10-15T08:00:00,10.9,10.9,10,93.64,0,0,,0,0,28.8,14.8,214,1001.1,41.7,10,22,0.1,0,,Partially cloudy,partly-cloudy-day,"EGWU,E7521,EGTK,EGVN,EGVO,EGVA,EGUB"
oxford,2022-10-15T09:00:00,11.9,11.9,10.9,93.16,0,0,,0,0,33.5,15.5,209,1001.2,36.8,10,120,0.4,1,,Partially cloudy,partly-cloudy-day,"EGWU,E7521,EGTK,EGVN,EGVO,EGVA,EGUB"
oxford,2022-10-15T10:00:00,13.1,13.1,10,81.16,0,0,,0,0,40.7,20.8,219,1001.3,78.1,10,128,0.5,1,,Partially cloudy,partly-cloudy-day,"EGWU,E7521,EGTK,EGVN,EGVO,EGVA,EGUB"
oxford,2022-10-15T11:00:00,14.6,14.6,9.9,73.56,0,0,,0,0,49.3,25.5,229,1002,88.8,10,201,0.7,2,,Partially cloudy,partly-cloudy-day,"EGWU,E7521,EGTK,EGVN,EGVO,EGVA,EGUB"
oxford,2022-10-15T12:00:00,15,15,10.1,72.46,0,0,,0,0,35.3,24.2,230,1002,52.8,10,301,1.1,3,,Partially cloudy,partly-cloudy-day,"EGWU,E7521,EGTK,EGVA"
oxford,2022-10-15T13:00:00,15.9,15.9,9.6,66.34,0,0,,0,0,49,25.8,232,1002,49,10,198,0.7,2,,Partially cloudy,partly-cloudy-day,"EGWU,E7521,EGTK,EGVN,EGVO,EGVA,EGUB"
oxford,2022-10-15T14:00:00,13.5,13.5,7.4,66.92,0,0,,0,0,46.4,25.6,252,1002,73.4,10,92,0.3,1,,Partially cloudy,partly-cloudy-day,"EGWU,E7521,EGTK,EGVN,EGVO,EGVA,EGUB"
oxford,2022-10-15T15:00:00,16,16,7.8,58.25,0,0,,0,0,39.1,25.2,236,1001.2,46.7,10,270,1,3,,Partially cloudy,partly-cloudy-day,"EGWU,E7521,EGTK,EGVN,EGVO,EGVA,EGUB"
oxford,2022-10-15T16:00:00,15,15,6.9,58.62,0,0,,0,0,51.1,21.6,238,1001.2,41.1,10,127,0.5,1,,Partially cloudy,partly-cloudy-day,"EGWU,E7521,EGTK,EGVN,EGVO,EGVA,EGUB"
oxford,2022-10-15T17:00:00,14.9,14.9,7.7,62.05,0,0,,0,0,41.2,23.5,219,1001.2,46.8,10,48,0.2,0,,Partially cloudy,partly-cloudy-day,"EGWU,E7521,EGTK,EGVN,EGVO,EGVA,EGUB"
oxford,2022-10-15T18:00:00,13.9,13.9,8.2,68.22,0,0,,0,0,46.8,23.4,208,1001.2,49.7,10,4,0,0,,Partially cloudy,partly-cloudy-day,"EGWU,E7521,EGTK,EGVN,EGVO,EGVA,EGUB"
oxford,2022-10-15T19:00:00,12.2,12.2,8.9,79.92,0,0,,0,0,46.4,19.6,208,1002.2,19,10,7,0,0,,Clear,clear-night,"EGWU,D0596,EGTK,EGVN,EGVO,EGVA,EGUB"
oxford,2022-10-15T20:00:00,12.1,12.1,8.7,79.84,0,0,,0,0,40.3,23,200,1002.2,18.4,10,,,,,Clear,clear-night,"EGWU,EGTK,EGVN,EGVO,EGVA,EGUB"
oxford,2022-10-15T21:00:00,11.1,11.1,8.9,86.1,0,0,,0,0,48.2,20.8,205,1002.2,0,10,,,,,Clear,clear-night,"EGWU,EGTK,EGVN,EGVO,EGVA,EGUB"
oxford,2022-10-15T22:00:00,11.3,11.3,8.9,85.15,0,0,,0,0,37.1,20,210,1002.9,0,10,,,,,Clear,clear-night,"EGWU,EGTK,EGVN,EGVO,EGVA,EGUB"
oxford,2022-10-15T23:00:00,12,12,8.7,80.19,0,0,,0,0,43.9,17.7,200,1003.5,65.5,10,,,,,Partially cloudy,partly-cloudy-night,"EGWU,EGVN,EGVO,EGVA,EGUB"
oxford,2022-10-16T00:00:00,11.9,11.9,7.8,75.99,0,0,,0,0,38.9,18,212,1003.6,6.5,10,,,,,Clear,clear-night,"EGWU,EGVN,EGVO,EGVA,EGUB"
oxford,2022-10-16T01:00:00,11.4,11.4,7.4,76.14,0,0,,0,0,43.6,21.2,213.9,1004,31.5,10,,,,,Partially cloudy,partly-cloudy-night,"EGWU,EGVN,EGVO,EGVA,EGUB"
oxford,2022-10-16T02:00:00,11.8,11.8,7.8,76.21,0,0,,0,0,42.8,19,208,1004.5,43.6,10,,,,,Partially cloudy,partly-cloudy-night,"EGWU,EGVN,EGVO,EGVA,EGUB"
oxford,2022-10-16T03:00:00,11.4,11.4,7.7,78.23,0,0,,0,0,42.8,16.2,209,1004.9,24.3,10,,,,,Partially cloudy,partly-cloudy-night,"EGWU,EGVN,EGVO,EGVA,EGUB"
oxford,2022-10-16T04:00:00,10.9,10.9,6.9,76.28,0,0,,0,0,42.1,22,229.5,1005.5,18.4,10,,,,,Clear,clear-night,"EGWU,EGVN,EGVO,EGVA,EGUB"
oxford,2022-10-16T05:00:00,10.4,10.4,6.9,78.78,0,0,,0,0,41.8,13.4,222,1006,18.4,10,,,,,Clear,clear-night,"EGWU,EGVN,EGVO,EGVA,EGUB"
oxford,2022-10-16T06:00:00,10,8.1,6.9,81.07,0,0,,0,0,41.4,13.2,224,1007,63.2,10,,,,,Partially cloudy,partly-cloudy-night,"EGWU,EGVN,EGVO,EGVA,EGUB"
oxford,2022-10-16T07:00:00,8.9,8.9,6.9,86.83,0,0,,0,0,35.6,13.3,221.1,1008,18.4,10,,,,,Clear,clear-night,"EGWU,EGTK,EGVN,EGVO,EGVA,EGUB"
oxford,2022-10-16T08:00:00,7.4,5.6,5.9,90.22,0,0,,0,0,25.9,9.6,227,1009,18.4,10,23,0.1,0,,Clear,clear-day,"EGWU,E7521,EGTK,EGVN,EGVA,EGUB"
oxford,2022-10-16T09:00:00,9.3,9.3,7.6,89.37,0,0,,0,0,21.2,3.6,206,1010,0,10,78,0.3,1,,Clear,clear-day,"EGWU,E7521,EGTK,EGVN,EGVO,EGVA,EGUB"
oxford,2022-10-16T10:00:00,12,12,7.9,76.21,0,0,,0,0,20.2,11.4,222,1011,19,10,222,0.8,2,,Clear,clear-day,"EGWU,E7521,EGTK,EGVN,EGVO,EGVA,EGUB"
oxford,2022-10-16T11:00:00,13.8,13.8,8.7,71.32,0,0,,0,0,20.5,9.2,226,1011,19,10,306,1.1,3,,Clear,clear-day,"EGWU,E7521,EGTK,EGVN,EGVO,EGVA,EGUB"
oxford,2022-10-16T12:00:00,14.8,14.8,8.9,67.61,0,0,,0,0,19.4,10.7,201,1011,26,10,363,1.3,4,,Partially cloudy,partly-cloudy-day,"EGWU,E7521,EGTK,EGVN,EGVO,EGVA,EGUB"
oxford,2022-10-16T13:00:00,16.1,16.1,8.7,61.72,0,0,,0,0,21.6,13,167.8,1011,28.6,10,368,1.3,4,,Partially cloudy,partly-cloudy-day,"EGWU,E7521,EGTK,EGVN,EGVO,EGVA,EGUB"
oxford,2022-10-16T14:00:00,16.7,16.7,8,56.55,0,0,,0,0,30.6,15.5,171,1011,26.3,10,88,0.3,1,,Partially cloudy,partly-cloudy-day,"EGWU,E7521,EGTK,EGVN,EGVO,EGVA,EGUB"
oxford,2022-10-16T15:00:00,16,16,8,59.32,0,0,,0,0,35.3,16.6,169,1010.8,25.8,10,186,0.7,2,,Partially cloudy,partly-cloudy-day,"EGWU,E7521,EGTK,EGVN,EGVO,EGVA,EGUB"
oxford,2022-10-16T16:00:00,15.9,15.9,8.1,59.59,0,0,,0,0,33.5,18,159,1010.1,37.4,10,93,0.3,1,,Partially cloudy,partly-cloudy-day,"EGWU,E7521,EGTK,EGVN,EGVO,EGVA,EGUB"
oxford,2022-10-16T17:00:00,15.1,15.1,9.6,69.99,0,0,,0,0,34.9,17.4,148,1009.8,46.2,10,47,0.2,0,,Partially cloudy,partly-cloudy-day,"EGWU,E7521,EGTK,EGVN,EGVO,EGVA,EGUB"
oxford,2022-10-16T18:00:00,14.9,14.9,9.2,68.73,0.1,100,rain,0,0,33.5,18.1,143,1009,45.7,10,18,0.1,0,,"Rain, Partially cloudy",rain,"EGWU,E7521,EGTK,EGVN,EGVO,EGVA,EGUB"
oxford,2022-10-16T19:00:00,13.9,13.9,11.2,83.58,0.2,100,rain,0,0,31.7,13.2,112,1008.8,85.9,8.6,,,,,"Rain, Partially cloudy",rain,"EGWU,EGTK,EGVN,EGVA,EGUB"
oxford,2022-10-16T20:00:00,13.1,13.1,12.1,93.9,0,0,,0,0,37.8,18.5,121,1008.7,87.2,6.6,,,,,Partially cloudy,partly-cloudy-night,"EGWU,EGTK,EGVN,EGVA,EGUB"
oxford,2022-10-16T21:00:00,13.1,13.1,13,99.06,0.2,100,rain,0,0,42.1,18.9,127,1007.8,88.5,8.2,,,,,"Rain, Partially cloudy",rain,"EGTK,EGVN,EGVA,EGUB"
oxford,2022-10-16T22:00:00,14.1,14.1,13.8,98.08,0.1,100,rain,0,0,43.9,18.3,139,1007,90.2,6,,,,,"Rain, Overcast",rain,"EGTK,EGVN,EGVA,EGUB"
oxford,2022-10-16T23:00:00,14.3,14.3,14.2,99.08,0.1,100,rain,0,0,42.5,19.2,150,1007.1,90.4,9.6,,,,,"Rain, Overcast",rain,"EGWU,EGTK,EGVN,EGVA,EGUB"
